dept_name,wk_date,sales,ctype
Cereal,2011-12-16,2967649.5699999975,actuals
Accessories,2011-12-23,2846582.6299999985,actuals
Dinner Foods,2011-12-23,1556471.5399999996,actuals
Bedding,2011-12-23,2747982.750000001,actuals
Appliances,2011-12-23,2698126.2000000007,actuals
Canned Foods,2011-12-23,3322448.679999999,actuals
Dairy,2011-12-23,2204243.1000000015,actuals
Beverages,2011-12-23,4647997.519999997,actuals
Cereal,2011-12-23,5028104.79,actuals
Cleaning Supplies,2011-12-23,1733834.9699999997,actuals
Beauty,2011-12-23,1332252.7699999989,actuals
Dairy,2011-12-30,1881964.7200000007,actuals
Cereal,2011-12-30,2665205.1799999983,actuals
Beverages,2011-12-30,2914599.5499999984,actuals
Accessories,2011-12-30,1797200.910000001,actuals
Dinner Foods,2011-12-30,1161792.29,actuals
Bedding,2011-12-30,1916945.6599999985,actuals
Canned Foods,2011-12-30,2485110.9299999992,actuals
Cleaning Supplies,2011-12-30,1244924.6299999997,actuals
Appliances,2011-12-30,2514156.5000000005,actuals
Beauty,2011-12-30,1178176.33,actuals
Beverages,2012-01-06,3862416.790000003,actuals
Dinner Foods,2012-01-06,1682066.9200000004,actuals
Dairy,2012-01-06,2241109.210000002,actuals
Cleaning Supplies,2012-01-06,1326346.7099999995,actuals
Canned Foods,2012-01-06,3059249.38,actuals
Cereal,2012-01-06,1767184.0800000012,actuals
Appliances,2012-01-06,3110692.2099999986,actuals
Accessories,2012-01-06,1936413.7100000004,actuals
Bedding,2012-01-06,2274279.8600000003,actuals
Beauty,2012-01-06,1437179.0400000007,actuals
Beverages,2012-01-13,3746489.0700000003,actuals
Canned Foods,2012-01-13,2926984.6599999997,actuals
Accessories,2012-01-13,1852848.9199999985,actuals
Bedding,2012-01-13,2191304.4899999993,actuals
Dinner Foods,2012-01-13,1642329.0099999993,actuals
Dairy,2012-01-13,2124902.5700000017,actuals
Cleaning Supplies,2012-01-13,1289438.38,actuals
Cereal,2012-01-13,1672350.899999999,actuals
Appliances,2012-01-13,3048915.219999999,actuals
Beauty,2012-01-13,1317409.4299999995,actuals
Dairy,2012-01-20,2116767.619999999,actuals
Dinner Foods,2012-01-20,1590982.85,actuals
Cereal,2012-01-20,1805209.4500000007,actuals
Beverages,2012-01-20,3613365.95,actuals
Canned Foods,2012-01-20,2958740.8099999987,actuals
Beauty,2012-01-20,1318835.6299999992,actuals
Cleaning Supplies,2012-01-20,1320067.53,actuals
Bedding,2012-01-20,2179965.3499999996,actuals
Appliances,2012-01-20,2835067.850000001,actuals
Accessories,2012-01-20,1867059.8899999987,actuals
Dairy,2012-01-27,2001857.1999999986,actuals
Cleaning Supplies,2012-01-27,1251658.2,actuals
Appliances,2012-01-27,2887702.3299999977,actuals
Accessories,2012-01-27,1730179.8500000008,actuals
Cereal,2012-01-27,1789460.6599999995,actuals
Canned Foods,2012-01-27,2773665.3,actuals
Beauty,2012-01-27,1210821.0299999996,actuals
Dinner Foods,2012-01-27,1446032.930000001,actuals
Beverages,2012-01-27,3313512.399999997,actuals
Bedding,2012-01-27,2037988.1699999988,actuals
Bedding,2012-02-03,2229493.3899999997,actuals
Cereal,2012-02-03,2548988.1199999982,actuals
Dairy,2012-02-03,2192252.309999999,actuals
Cleaning Supplies,2012-02-03,1417157.719999999,actuals
Canned Foods,2012-02-03,3066161.2899999977,actuals
Accessories,2012-02-03,1995274.0499999993,actuals
Appliances,2012-02-03,3121192.9599999995,actuals
Beverages,2012-02-03,3746408.7200000025,actuals
Beauty,2012-02-03,1381251.2900000005,actuals
Dinner Foods,2012-02-03,1660745.6800000009,actuals
Cleaning Supplies,2012-02-10,1403521.2100000002,actuals
Canned Foods,2012-02-10,3161814.7200000016,actuals
Dinner Foods,2012-02-10,1752918.0200000005,actuals
Cereal,2012-02-10,3234457.9000000022,actuals
Accessories,2012-02-10,2037945.8600000013,actuals
Beauty,2012-02-10,1391368.419999999,actuals
Appliances,2012-02-10,2972930.7699999986,actuals
Beverages,2012-02-10,3910737.1799999992,actuals
Bedding,2012-02-10,2261271.4499999997,actuals
Cleaning Supplies,2012-02-17,1364216.22,actuals
Dinner Foods,2012-02-17,1583235.1700000006,actuals
Accessories,2012-02-17,1976676.2199999993,actuals
Cereal,2012-02-17,2748184.1900000004,actuals
Dairy,2012-02-17,2136070.999999998,actuals
Beverages,2012-02-17,3627632.6900000023,actuals
Bedding,2012-02-17,2139259.1699999995,actuals
Canned Foods,2012-02-17,2954428.45,actuals
Beauty,2012-02-17,1323643.8400000005,actuals
Appliances,2012-02-17,2974062.8200000003,actuals
Beverages,2012-02-24,3476677.5200000014,actuals
Cereal,2012-02-24,2430785.41,actuals
Dinner Foods,2012-02-24,1524141.56,actuals
Accessories,2012-02-24,2046897.030000001,actuals
Dairy,2012-02-24,2173879.809999998,actuals
Canned Foods,2012-02-24,2963563.8200000026,actuals
Cleaning Supplies,2012-02-24,1393394.1100000013,actuals
Appliances,2012-02-24,2787724.430000002,actuals
Beauty,2012-02-24,1399372.0000000012,actuals
Bedding,2012-02-24,2104007.959999998,actuals
Beverages,2012-03-02,3603681.2700000005,actuals
Dairy,2012-03-02,2227096.1900000023,actuals
Dinner Foods,2012-03-02,1575192.0300000012,actuals
Cleaning Supplies,2012-03-02,1419253.8599999996,actuals
Accessories,2012-03-02,2057833.0899999999,actuals
Cereal,2012-03-02,2309221.67,actuals
Appliances,2012-03-02,3128520.249999997,actuals
Canned Foods,2012-03-02,3032242.4699999997,actuals
Beauty,2012-03-02,1439392.0000000007,actuals
Bedding,2012-03-02,2139224.4199999985,actuals
Cleaning Supplies,2012-03-09,1405097.529999999,actuals
Beverages,2012-03-09,3841342.249999999,actuals
Canned Foods,2012-03-09,3225771.0600000015,actuals
Accessories,2012-03-09,2040874.9899999986,actuals
Appliances,2012-03-09,2983339.9100000015,actuals
Bedding,2012-03-09,2210386.5200000014,actuals
Dinner Foods,2012-03-09,1702872.4800000002,actuals
Beauty,2012-03-09,1407645.7699999998,actuals
Cereal,2012-03-09,2080139.1700000009,actuals
Beverages,2012-03-16,3562833.729999998,actuals
Cleaning Supplies,2012-03-16,1355110.97,actuals
Accessories,2012-03-16,1974819.0199999986,actuals
Beauty,2012-03-16,1375568.4299999995,actuals
Dairy,2012-03-16,2140228.839999998,actuals
Cereal,2012-03-16,2059628.930000001,actuals
Bedding,2012-03-16,2132665.9599999995,actuals
Dinner Foods,2012-03-16,1582847.83,actuals
Canned Foods,2012-03-16,3168037.2499999995,actuals
Appliances,2012-03-16,2880025.9599999986,actuals
Beverages,2012-03-23,3246339.720000002,actuals
Cleaning Supplies,2012-03-23,1334346.88,actuals
Accessories,2012-03-23,1910885.630000001,actuals
Beauty,2012-03-23,1345261.6799999995,actuals
Bedding,2012-03-23,1984775.4800000014,actuals
Cereal,2012-03-23,1710130.9399999997,actuals
Dinner Foods,2012-03-23,1435878.7899999998,actuals
Appliances,2012-03-23,2900676.860000002,actuals
Canned Foods,2012-03-23,2984946.7599999984,actuals
Dairy,2012-03-23,2075683.8099999982,actuals
Accessories,2012-03-30,1920718.8299999998,actuals
Beauty,2012-03-30,1344799.7100000004,actuals
Beverages,2012-03-30,3198482.2199999983,actuals
Cleaning Supplies,2012-03-30,1353982.58,actuals
Dairy,2012-03-30,2077302.8900000008,actuals
Canned Foods,2012-03-30,3036695.2400000007,actuals
Bedding,2012-03-30,1977207.2699999993,actuals
Appliances,2012-03-30,2944016.0900000012,actuals
Cereal,2012-03-30,1615556.5199999996,actuals
Dinner Foods,2012-03-30,1439058.0999999996,actuals
Beauty,2012-04-06,1445925.4700000011,actuals
Beverages,2012-04-06,3961282.3899999987,actuals
Cleaning Supplies,2012-04-06,1471928.71,actuals
Canned Foods,2012-04-06,3407441.8099999996,actuals
Accessories,2012-04-06,2097789.349999999,actuals
Bedding,2012-04-06,2354364.0700000003,actuals
Appliances,2012-04-06,3081965.270000003,actuals
Cereal,2012-04-06,1815304.8800000008,actuals
Dairy,2012-04-06,2171153.2500000005,actuals
Beauty,2012-04-13,1287435.07,actuals
Beverages,2012-04-13,3418386.5499999993,actuals
Bedding,2012-04-13,2055286.5399999989,actuals
Accessories,2012-04-13,1878746.160000001,actuals
Dairy,2012-04-13,2008446.4100000006,actuals
Appliances,2012-04-13,2898806.6999999983,actuals
Dinner Foods,2012-04-13,1506578.86,actuals
Cereal,2012-04-13,1705745.329999999,actuals
Cereal,2010-02-05,3372690.5499999993,actuals
Beauty,2010-02-05,1522916.7699999993,actuals
Accessories,2010-02-05,1997831.8900000006,actuals
Canned Foods,2010-02-05,3170529.930000003,actuals
Dairy,2010-02-05,2238389.819999999,actuals
Cleaning Supplies,2010-02-05,1527438.1699999988,actuals
Beverages,2010-02-05,3781162.8699999996,actuals
Appliances,2010-02-05,3022955.049999999,actuals
Cereal,2010-02-12,3102766.890000003,actuals
Canned Foods,2010-02-12,2976149.3099999977,actuals
Accessories,2010-02-12,1839217.77,actuals
Beauty,2010-02-12,1327494.6299999994,actuals
Dinner Foods,2010-02-12,1603013.1900000016,actuals
Appliances,2010-02-12,2686547.5200000005,actuals
Dairy,2010-02-12,2037203.2899999996,actuals
Accessories,2010-02-19,1961685.9299999997,actuals
Beauty,2010-02-19,1412757.9800000002,actuals
Cleaning Supplies,2010-02-19,1414318.210000001,actuals
Canned Foods,2010-02-19,2814037.7900000024,actuals
Dairy,2010-02-19,2163829.9499999993,actuals
Appliances,2010-02-19,2712708.649999999,actuals
Dinner Foods,2010-02-19,1546117.6700000013,actuals
Beverages,2010-02-26,3204210.0599999996,actuals
Cereal,2010-02-26,2571982.430000002,actuals
Bedding,2010-02-26,1935114.7300000011,actuals
Accessories,2010-02-26,1859531.5800000005,actuals
Beauty,2010-02-26,1382123.9800000002,actuals
Appliances,2010-02-26,2757264.389999998,actuals
Canned Foods,2010-02-26,2789412.1299999985,actuals
Dinner Foods,2010-02-26,1486244.1900000002,actuals
Dairy,2010-02-26,2084986.2900000003,actuals
Cereal,2010-03-05,2643457.8199999975,actuals
Beauty,2010-03-05,1488750.3299999991,actuals
Beverages,2010-03-05,3480725.209999999,actuals
Canned Foods,2010-03-05,2994339.240000001,actuals
Dairy,2010-03-05,2224907.260000001,actuals
Dinner Foods,2010-03-05,1607815.5699999994,actuals
Accessories,2010-03-05,1957870.8200000005,actuals
Cleaning Supplies,2010-03-05,1454252.0900000005,actuals
Beverages,2010-03-12,3345276.5599999977,actuals
Bedding,2010-03-12,1973978.4399999985,actuals
Appliances,2010-03-12,2929479.0800000005,actuals
Beauty,2010-03-12,1404792.9799999997,actuals
Cereal,2010-03-12,2268713.390000001,actuals
Accessories,2010-03-12,1908498.1699999988,actuals
Canned Foods,2010-03-12,2992259.2600000002,actuals
Dairy,2010-03-12,2111864.879999999,actuals
Dinner Foods,2010-03-12,1576412.539999999,actuals
Cleaning Supplies,2010-03-12,1379196.6899999988,actuals
Bedding,2010-03-19,1900357.1199999992,actuals
Beverages,2010-03-19,3102759.530000002,actuals
Accessories,2010-03-19,1848039.7800000003,actuals
Appliances,2010-03-19,2630196.76,actuals
Cleaning Supplies,2010-03-19,1338430.6799999992,actuals
Dairy,2010-03-19,2027010.7699999984,actuals
Cereal,2010-03-19,1976238.3699999987,actuals
Dinner Foods,2010-03-19,1487593.810000001,actuals
Canned Foods,2010-03-19,3003945.310000001,actuals
Accessories,2010-03-26,1826143.299999999,actuals
Cleaning Supplies,2010-03-26,1326997.8400000003,actuals
Beverages,2010-03-26,2976519.3900000025,actuals
Beauty,2010-03-26,1324087.250000001,actuals
Bedding,2010-03-26,1850435.670000001,actuals
Cereal,2010-03-26,1820919.129999999,actuals
Canned Foods,2010-03-26,2875842.5600000024,actuals
Dairy,2010-03-26,2017004.530000001,actuals
Dinner Foods,2010-03-26,1396431.7700000007,actuals
Cereal,2010-04-02,1886308.4500000002,actuals
Appliances,2010-04-02,2818801.6699999976,actuals
Bedding,2010-04-02,2049993.260000001,actuals
Beauty,2010-04-02,1417911.0200000003,actuals
Dinner Foods,2010-04-02,1493075.1099999999,actuals
Canned Foods,2010-04-02,3068370.1300000018,actuals
Dairy,2010-04-02,2066720.4999999993,actuals
Bedding,2010-04-09,1901908.419999999,actuals
Cleaning Supplies,2010-04-09,1314310.4200000006,actuals
Cereal,2010-04-09,1796455.2699999989,actuals
Appliances,2010-04-09,2820286.759999999,actuals
Beauty,2010-04-09,1362721.4299999992,actuals
Dinner Foods,2010-04-09,1487677.9999999995,actuals
Dairy,2010-04-09,2008998.0300000005,actuals
Canned Foods,2010-04-09,3040233.499999998,actuals
Accessories,2010-04-09,1903127.5900000017,actuals
Cleaning Supplies,2010-04-16,1346831.369999999,actuals
Beverages,2010-04-16,3129901.299999999,actuals
Appliances,2010-04-16,2751853.089999998,actuals
Beauty,2010-04-16,1440873.3499999996,actuals
Cereal,2010-04-16,1795511.12,actuals
Accessories,2010-04-16,1960979.1999999983,actuals
Canned Foods,2010-04-16,3257880.4899999984,actuals
Appliances,2010-04-23,2630925.100000002,actuals
Cereal,2010-04-23,1795865.8799999994,actuals
Bedding,2010-04-23,1829736.670000001,actuals
Canned Foods,2010-04-23,3154878.3599999994,actuals
Cleaning Supplies,2010-04-23,1355240.6899999988,actuals
Beverages,2010-04-23,3018434.740000002,actuals
Dairy,2010-04-23,2056127.5599999991,actuals
Dinner Foods,2010-04-23,1461212.8300000003,actuals
Accessories,2010-04-23,1949495.1800000006,actuals
Beauty,2010-04-23,1425313.6299999987,actuals
Appliances,2010-04-30,2771378.4800000014,actuals
Cleaning Supplies,2010-04-30,1347402.5299999993,actuals
Dinner Foods,2010-04-30,1390192.0400000003,actuals
Bedding,2010-04-30,1782057.9999999993,actuals
Canned Foods,2010-04-30,3078708.389999998,actuals
Beauty,2010-04-30,1378498.550000001,actuals
Accessories,2010-04-30,1888891.0400000005,actuals
Beverages,2010-05-07,3372265.709999999,actuals
Appliances,2010-05-07,2900280.5599999977,actuals
Dinner Foods,2010-05-07,1622771.4500000016,actuals
Dairy,2010-05-07,2046845.0599999994,actuals
Cereal,2010-05-07,1738629.3699999996,actuals
Bedding,2010-05-07,1973270.700000001,actuals
Cleaning Supplies,2010-05-07,1384003.5200000003,actuals
Beauty,2010-05-07,1444549.1299999992,actuals
Canned Foods,2010-05-07,3434331.01,actuals
Accessories,2010-05-07,1961636.980000001,actuals
Beverages,2010-05-14,3077689.6899999995,actuals
Dinner Foods,2010-05-14,1501562.1399999994,actuals
Dairy,2010-05-14,1939325.8999999987,actuals
Appliances,2010-05-14,2703150.5200000023,actuals
Cereal,2010-05-14,1779914.8799999994,actuals
Bedding,2010-05-14,1839843.4299999988,actuals
Canned Foods,2010-05-14,3172949.619999998,actuals
Accessories,2010-05-14,1859488.5199999989,actuals
Dairy,2010-05-21,1973683.1299999983,actuals
Cleaning Supplies,2010-05-21,1338354.6099999994,actuals
Dinner Foods,2010-05-21,1470985.4900000007,actuals
Bedding,2010-05-21,1831636.9999999995,actuals
Beverages,2010-05-21,3042953.100000002,actuals
Beauty,2010-05-21,1383652.3099999994,actuals
Dinner Foods,2010-05-28,1389439.1200000006,actuals
Cleaning Supplies,2010-05-28,1353399.1499999994,actuals
Beverages,2010-05-28,2975270.1400000025,actuals
Dairy,2010-05-28,2003211.9700000007,actuals
Canned Foods,2010-05-28,3525218.280000002,actuals
Bedding,2010-05-28,1834385.0099999986,actuals
Cereal,2010-05-28,1602818.5899999999,actuals
Accessories,2010-05-28,1979840.8,actuals
Beauty,2010-05-28,1392704.6399999987,actuals
Cleaning Supplies,2010-06-04,1367584.719999999,actuals
Dairy,2010-06-04,2021891.62,actuals
Canned Foods,2010-06-04,3657150.6999999974,actuals
Cereal,2010-06-04,1735485.2900000014,actuals
Beauty,2010-06-04,1484230.9699999995,actuals
Appliances,2010-06-04,2513111.540000002,actuals
Accessories,2010-06-04,2014908.2999999986,actuals
Cleaning Supplies,2010-06-11,1342078.730000001,actuals
Dinner Foods,2010-06-11,1627941.63,actuals
Beverages,2010-06-11,3274477.4599999995,actuals
Dairy,2010-06-11,1990656.5500000007,actuals
Cereal,2010-06-11,1719120.7399999988,actuals
Bedding,2010-06-11,1942452.8300000015,actuals
Appliances,2010-06-11,2659698.310000002,actuals
Accessories,2010-06-11,2017306.6200000015,actuals
Canned Foods,2010-06-18,3489470.140000003,actuals
Dairy,2010-06-18,1952819.68,actuals
Dinner Foods,2010-06-18,1556008.2899999998,actuals
Beverages,2010-06-18,3156757.1300000004,actuals
Cereal,2010-06-18,1896443.430000001,actuals
Bedding,2010-06-18,1909803.7699999998,actuals
Appliances,2010-06-18,2639517.549999999,actuals
Beauty,2010-06-18,1412281.680000001,actuals
Accessories,2010-06-18,2026116.5499999986,actuals
Cereal,2010-06-25,1813531.3200000017,actuals
Beverages,2010-06-25,2848190.9300000016,actuals
Appliances,2010-06-25,2592592.350000001,actuals
Cleaning Supplies,2010-06-25,1288956.8299999987,actuals
Dairy,2010-06-25,1912704.1599999988,actuals
Accessories,2010-06-25,1967652.4100000004,actuals
Beauty,2010-06-25,1354113.16,actuals
Canned Foods,2010-07-02,3691101.39,actuals
Bedding,2010-07-02,1949441.6600000008,actuals
Beverages,2010-07-02,3175442.7299999995,actuals
Dinner Foods,2010-07-02,1486411.989999999,actuals
Beauty,2010-07-02,1481459.3600000013,actuals
Dairy,2010-07-02,2033284.2700000005,actuals
Accessories,2010-07-02,2089116.7800000012,actuals
Canned Foods,2010-07-09,3552124.99,actuals
Dinner Foods,2010-07-09,1539664.489999999,actuals
Accessories,2010-07-09,2010639.2699999984,actuals
Beauty,2010-07-09,1417512.9100000008,actuals
Beverages,2010-07-09,3182434.800000001,actuals
Appliances,2010-07-09,2537129.3399999994,actuals
Cereal,2010-07-09,1706874.850000001,actuals
Cleaning Supplies,2010-07-16,1314125.9199999992,actuals
Canned Foods,2010-07-16,3334475.620000002,actuals
Dinner Foods,2010-07-16,1544845.6200000008,actuals
Accessories,2010-07-16,2075141.2400000007,actuals
Dairy,2010-07-16,1972843.77,actuals
Beauty,2010-07-16,1459710.3699999994,actuals
Appliances,2010-07-16,2638804.819999998,actuals
Dinner Foods,2010-07-30,1372450.900000001,actuals
Cleaning Supplies,2010-07-30,1322953.69,actuals
Canned Foods,2010-07-30,3166773.7399999993,actuals
Beverages,2010-07-30,2836367.5999999996,actuals
Beauty,2010-07-30,1402854.939999999,actuals
Cereal,2010-07-30,1948298.7400000007,actuals
Dinner Foods,2010-08-06,1607342.620000001,actuals
Cleaning Supplies,2010-08-06,1368327.6199999999,actuals
Dairy,2010-08-06,1974635.6500000018,actuals
Canned Foods,2010-08-06,3487806.029999997,actuals
Beverages,2010-04-09,3165111.0999999978,actuals
Appliances,2010-08-06,2754226.0700000008,actuals
Beauty,2010-08-06,1482528.68,actuals
Bedding,2010-08-06,1995126.9700000011,actuals
Accessories,2010-08-06,2120901.4699999997,actuals
Cereal,2010-08-06,1931718.0799999996,actuals
Beverages,2010-08-06,3357270.689999998,actuals
Dinner Foods,2010-08-13,1537173.4600000014,actuals
Appliances,2010-08-13,2584814.9199999995,actuals
Canned Foods,2010-08-13,3387101.2,actuals
Accessories,2010-08-13,2082299.8500000015,actuals
Cereal,2010-08-13,1884355.049999999,actuals
Cleaning Supplies,2010-08-20,1286773.739999999,actuals
Canned Foods,2010-08-20,3298196.129999998,actuals
Dinner Foods,2010-08-20,1472592.0199999998,actuals
Dairy,2010-08-20,1948963.6000000006,actuals
Cereal,2010-08-20,2152192.439999998,actuals
Accessories,2010-08-20,2150558.539999999,actuals
Dinner Foods,2010-08-27,1380271.4399999997,actuals
Appliances,2010-08-27,2565789.9799999995,actuals
Beverages,2010-08-27,2999713.4600000004,actuals
Beauty,2010-08-27,1499807.2300000011,actuals
Accessories,2010-08-27,2124944.950000001,actuals
Cereal,2010-08-27,2004339.739999999,actuals
Cleaning Supplies,2010-09-03,1365197.9399999997,actuals
Bedding,2010-09-03,2000010.6799999997,actuals
Dinner Foods,2010-09-03,1509448.5099999986,actuals
Dairy,2010-09-03,2043436.530000001,actuals
Canned Foods,2010-09-03,3398281.8200000008,actuals
Appliances,2010-09-03,2761097.2800000017,actuals
Cereal,2010-09-03,2068354.8499999996,actuals
Beverages,2010-09-03,3294623.619999999,actuals
Beauty,2010-09-03,1578263.12,actuals
Cleaning Supplies,2010-09-10,1322099.7200000002,actuals
Dinner Foods,2010-09-10,1555012.9199999997,actuals
Canned Foods,2010-09-10,3252360.7300000014,actuals
Bedding,2010-09-10,2034849.0500000014,actuals
Cereal,2010-09-10,1950600.3900000013,actuals
Beverages,2010-09-10,3406660.549999999,actuals
Accessories,2010-09-10,1991188.8799999997,actuals
Appliances,2010-09-17,2670667.4799999995,actuals
Dinner Foods,2010-09-17,1497875.1900000002,actuals
Dairy,2010-09-17,1969406.550000002,actuals
Canned Foods,2010-09-17,3060038.480000003,actuals
Beverages,2010-09-17,3150518.9599999976,actuals
Accessories,2010-09-17,1895427.1499999997,actuals
Dinner Foods,2010-09-24,1385932.2099999997,actuals
Cleaning Supplies,2010-09-24,1292777.9500000007,actuals
Bedding,2010-09-24,1823956.0100000014,actuals
Appliances,2010-09-24,2629262.2500000005,actuals
Beauty,2010-09-24,1404852.3900000006,actuals
Dairy,2010-09-24,1952335.2800000007,actuals
Cereal,2010-09-24,1641309.6799999997,actuals
Dinner Foods,2010-10-01,1390115.430000001,actuals
Canned Foods,2010-10-01,2924164.350000001,actuals
Appliances,2010-10-01,2757997.3500000006,actuals
Dairy,2010-10-01,1963257.2699999986,actuals
Beauty,2010-10-01,1429491.62,actuals
Bedding,2010-10-08,1997690.7999999998,actuals
Cleaning Supplies,2010-10-08,1388995.9900000014,actuals
Appliances,2010-10-08,2736790.640000001,actuals
Accessories,2010-10-08,1922452.75,actuals
Canned Foods,2010-10-08,3107008.690000002,actuals
Beverages,2010-10-08,3451502.58,actuals
Cereal,2010-10-08,1677913.6199999996,actuals
Dinner Foods,2010-10-15,1502078.8,actuals
Cleaning Supplies,2010-10-15,1312057.3400000008,actuals
Beauty,2010-10-15,1373653.5399999998,actuals
Bedding,2010-10-22,1862982.580000001,actuals
Cleaning Supplies,2010-10-22,1340445.7600000005,actuals
Cereal,2010-10-22,1652782.8900000004,actuals
Dairy,2010-10-22,1967329.4999999984,actuals
Cleaning Supplies,2010-10-29,1338872.3300000008,actuals
Dinner Foods,2010-10-29,1327794.2899999993,actuals
Accessories,2010-10-29,1817791.939999999,actuals
Dairy,2010-10-29,1926810.1800000004,actuals
Canned Foods,2010-10-29,2811301.6999999997,actuals
Beauty,2010-10-29,1354273.92,actuals
Bedding,2010-11-05,1992591.9400000016,actuals
Cleaning Supplies,2010-11-05,1424399.2900000012,actuals
Accessories,2010-11-05,1870613.54,actuals
Dairy,2010-11-05,2043328.1200000013,actuals
Cereal,2010-11-05,1749651.9599999995,actuals
Canned Foods,2010-11-05,2852690.029999999,actuals
Beauty,2010-11-05,1444614.42,actuals
Bedding,2010-11-12,2027821.0399999989,actuals
Canned Foods,2010-11-12,2855275.6899999985,actuals
Dairy,2010-11-12,2000888.8199999994,actuals
Accessories,2010-11-12,1827782.3199999998,actuals
Canned Foods,2010-11-19,2766434.4599999995,actuals
Beverages,2010-11-19,3665570.089999998,actuals
Dairy,2010-11-19,1957489.6699999992,actuals
Beauty,2010-11-19,1348235.3000000003,actuals
Accessories,2010-11-19,1804648.0299999989,actuals
Cleaning Supplies,2010-11-19,1370829.7699999993,actuals
Cereal,2010-11-26,10533640.919999985,actuals
Appliances,2010-11-26,2156462.3600000003,actuals
Bedding,2010-11-26,2217952.6600000006,actuals
Canned Foods,2010-11-26,2807242.859999999,actuals
Dinner Foods,2010-11-26,1357937.4800000004,actuals
Beverages,2010-11-26,3982965.0800000005,actuals
Accessories,2010-11-26,1844296.9999999988,actuals
Cleaning Supplies,2010-11-26,1330334.5699999994,actuals
Appliances,2010-12-03,3006516.449999998,actuals
Cereal,2010-12-03,2931078.900000002,actuals
Cleaning Supplies,2010-12-03,1384436.100000001,actuals
Beauty,2010-12-03,1310774.8200000008,actuals
Dinner Foods,2010-12-03,1353289.1000000008,actuals
Accessories,2010-12-03,1853046.3799999992,actuals
Beverages,2010-12-10,3727640.36,actuals
Bedding,2010-12-10,2099628.1300000013,actuals
Appliances,2010-12-10,2800808.5600000015,actuals
Cereal,2010-12-10,2757243.349999998,actuals
Beauty,2010-12-10,1288758.5800000008,actuals
Dairy,2010-12-10,2038851.7600000012,actuals
Cleaning Supplies,2010-12-10,1448045.71,actuals
Cereal,2010-12-17,3892696.4000000027,actuals
Canned Foods,2010-12-17,2909748.1300000013,actuals
Dinner Foods,2010-12-17,1460340.9900000002,actuals
Beverages,2010-12-24,4203774.330000003,actuals
Cereal,2010-12-24,6020196.0299999975,actuals
Bedding,2010-12-24,2605302.4399999985,actuals
Beauty,2010-12-24,1313690.01,actuals
Dinner Foods,2010-12-24,1514601.6500000001,actuals
Accessories,2010-12-24,2657428.050000002,actuals
Cleaning Supplies,2010-12-24,1773763.6400000015,actuals
Appliances,2010-12-24,2482261.86,actuals
Beverages,2010-12-31,2624151.6200000015,actuals
Beauty,2010-12-31,1188854.3699999996,actuals
Bedding,2010-12-31,1743436.3500000003,actuals
Appliances,2010-12-31,2454954.8499999996,actuals
Canned Foods,2010-12-31,2484164.7800000003,actuals
Cleaning Supplies,2010-12-31,1186153.9100000006,actuals
Dinner Foods,2010-12-31,1215826.9600000004,actuals
Accessories,2010-12-31,1545570.4999999988,actuals
Beauty,2011-01-07,1398554.61,actuals
Beverages,2011-01-07,3536572.409999998,actuals
Bedding,2011-01-07,2042736.5099999986,actuals
Accessories,2011-01-07,1799906.2900000012,actuals
Appliances,2011-01-07,3219845.429999998,actuals
Dairy,2011-01-07,2147509.370000002,actuals
Cleaning Supplies,2011-01-07,1322007.8600000006,actuals
Dinner Foods,2011-01-07,1647214.2400000014,actuals
Beverages,2011-01-14,3443153.8800000018,actuals
Bedding,2011-01-14,2053458.9,actuals
Cereal,2011-01-14,1701575.819999999,actuals
Dinner Foods,2011-01-14,1618109.2500000014,actuals
Appliances,2011-01-14,2836653.3599999985,actuals
Cleaning Supplies,2011-01-14,1295871.1099999992,actuals
Accessories,2011-01-21,1773920.5699999987,actuals
Beauty,2011-01-21,1327652.95,actuals
Cereal,2011-01-21,1809924.0099999986,actuals
Beverages,2011-01-21,3271934.350000003,actuals
Canned Foods,2011-01-21,2864509.859999999,actuals
Dinner Foods,2011-01-21,1558120.3300000005,actuals
Dairy,2011-01-21,2034114.3999999983,actuals
Bedding,2011-01-28,1900881.460000001,actuals
Beverages,2011-01-28,3044345.8700000006,actuals
Cereal,2011-01-28,1967208.130000001,actuals
Accessories,2011-01-28,1682712.979999999,actuals
Beauty,2011-01-28,1230893.7699999996,actuals
Canned Foods,2011-01-28,2743236.2100000014,actuals
Appliances,2011-01-28,2742795.4699999983,actuals
Beverages,2011-02-04,3672861.959999997,actuals
Cereal,2011-02-04,2702467.389999999,actuals
Beauty,2011-02-04,1348149.5199999998,actuals
Accessories,2011-02-04,1853050.8799999983,actuals
Dairy,2011-02-04,2086969.4500000004,actuals
Appliances,2011-02-04,2799323.710000001,actuals
Bedding,2011-02-11,2077707.9100000013,actuals
Beverages,2011-02-11,3538141.6199999996,actuals
Canned Foods,2011-02-11,3079634.679999999,actuals
Cleaning Supplies,2011-02-11,1355507.0699999998,actuals
Accessories,2011-02-11,1904078.6199999999,actuals
Dinner Foods,2011-02-11,1678446.0400000012,actuals
Cleaning Supplies,2011-02-18,1369308.7499999993,actuals
Dinner Foods,2011-02-18,1546712.9399999997,actuals
Cereal,2011-02-18,2892310.1300000013,actuals
Beverages,2011-02-18,3258997.879999998,actuals
Beauty,2011-02-18,1396695.6799999995,actuals
Canned Foods,2011-02-18,2890866.27,actuals
Appliances,2011-02-18,2835776.3299999987,actuals
Dairy,2011-02-18,2156738.520000001,actuals
Bedding,2011-02-18,1991469.5199999989,actuals
Accessories,2011-02-18,1995935.459999999,actuals
Dinner Foods,2011-02-25,1493914.599999999,actuals
Cleaning Supplies,2011-02-25,1318392.500000001,actuals
Beauty,2011-02-25,1412626.2299999997,actuals
Dairy,2011-02-25,2078314.7199999993,actuals
Beverages,2011-02-25,3130285.0700000008,actuals
Appliances,2011-02-25,2766755.779999999,actuals
Cereal,2011-02-25,2591260.960000002,actuals
Accessories,2011-02-25,1924869.4300000009,actuals
Cleaning Supplies,2011-03-04,1405156.6699999995,actuals
Dairy,2011-03-04,2188200.8899999997,actuals
Beverages,2011-03-04,3432805.9000000004,actuals
Cereal,2011-03-04,2633098.1299999994,actuals
Appliances,2011-03-04,3022327.0799999987,actuals
Bedding,2011-03-04,2065558.8000000012,actuals
Accessories,2011-03-04,2044729.7699999998,actuals
Dinner Foods,2010-11-05,1519244.6399999987,actuals
Cleaning Supplies,2011-03-11,1304685.2799999998,actuals
Dinner Foods,2011-03-11,1619642.060000001,actuals
Appliances,2011-03-11,2854718.15,actuals
Accessories,2011-03-11,1903723.5800000005,actuals
Beauty,2011-03-11,1351094.2899999989,actuals
Cleaning Supplies,2011-03-18,1315121.4000000006,actuals
Cereal,2011-03-18,1984052.2999999996,actuals
Canned Foods,2011-03-18,3055298.76,actuals
Beauty,2011-03-18,1359488.109999999,actuals
Accessories,2011-03-18,1908655.1499999987,actuals
Bedding,2011-03-25,1915915.3199999998,actuals
Cereal,2011-03-25,1855468.9599999995,actuals
Beauty,2011-03-25,1316044.939999999,actuals
Cereal,2011-04-01,1799803.8299999991,actuals
Cleaning Supplies,2011-04-01,1320036.8900000008,actuals
Bedding,2011-04-01,1937032.7199999983,actuals
Beverages,2011-04-01,3083409.37,actuals
Canned Foods,2011-04-01,2883790.4400000004,actuals
Cleaning Supplies,2011-04-08,1336494.2900000005,actuals
Dairy,2011-04-08,2042282.3700000006,actuals
Dinner Foods,2011-04-08,1657938.569999999,actuals
Beverages,2011-04-08,3458597.389999998,actuals
Appliances,2011-04-08,2862015.730000001,actuals
Accessories,2011-04-08,1939021.8399999985,actuals
Beauty,2011-04-08,1366392.27,actuals
Cleaning Supplies,2011-04-15,1298737.7699999996,actuals
Beauty,2011-04-15,1304994.9199999992,actuals
Cereal,2011-04-15,1809401.93,actuals
Canned Foods,2011-04-15,3039989.219999999,actuals
Beverages,2011-04-15,3229946.21,actuals
Appliances,2011-04-15,2735846.279999999,actuals
Dairy,2011-04-15,1956504.2899999984,actuals
Bedding,2011-04-15,1994317.5899999985,actuals
Dinner Foods,2011-04-22,1514943.9700000007,actuals
Accessories,2011-04-22,1973286.35,actuals
Canned Foods,2011-04-22,3060862.39,actuals
Cereal,2011-04-22,1832563.9600000007,actuals
Beauty,2011-04-22,1332730.939999999,actuals
Bedding,2011-04-22,2122778.490000002,actuals
Beverages,2011-04-29,2790205.0400000014,actuals
Dairy,2011-04-29,1861616.060000001,actuals
Cleaning Supplies,2011-04-29,1248815.2299999993,actuals
Beauty,2011-04-29,1237086.9799999997,actuals
Cereal,2011-04-29,1659803.7699999993,actuals
Accessories,2011-04-29,1810197.7199999988,actuals
Bedding,2011-04-29,1858260.3399999996,actuals
Appliances,2011-04-29,2668837.6599999997,actuals
Cleaning Supplies,2011-05-06,1385109.95,actuals
Beverages,2011-05-06,3392286.66,actuals
Dairy,2011-05-06,2047752.669999998,actuals
Appliances,2011-05-06,2954401.6400000006,actuals
Cereal,2011-05-06,1748952.4599999995,actuals
Cleaning Supplies,2011-05-13,1281818.3900000001,actuals
Canned Foods,2011-05-13,3144828.9700000007,actuals
Dinner Foods,2011-05-13,1495469.5400000012,actuals
Accessories,2011-05-13,1833291.8599999996,actuals
Bedding,2011-05-13,1949314.4499999993,actuals
Beauty,2011-05-20,1333835.1199999994,actuals
Dinner Foods,2011-05-20,1496186.980000001,actuals
Appliances,2011-05-20,2755940.680000001,actuals
Cleaning Supplies,2011-05-20,1339688.2600000007,actuals
Cereal,2011-05-20,1605181.9499999993,actuals
Accessories,2011-05-20,1901289.7199999983,actuals
Bedding,2011-05-20,1957835.3400000008,actuals
Beverages,2011-05-20,3136141.8899999997,actuals
Cleaning Supplies,2011-05-27,1349079.3000000007,actuals
Accessories,2011-05-27,1903197.61,actuals
Dairy,2011-05-27,1904105.2900000012,actuals
Dinner Foods,2011-05-27,1367611.7899999989,actuals
Bedding,2011-05-27,1913094.869999999,actuals
Appliances,2011-06-03,2637814.1299999985,actuals
Dairy,2011-06-03,1944335.449999999,actuals
Dinner Foods,2011-06-03,1467341.5000000012,actuals
Canned Foods,2011-06-03,3416366.2199999997,actuals
Accessories,2011-06-03,1995935.920000001,actuals
Dairy,2011-06-10,1955637.8899999992,actuals
Bedding,2011-06-10,2025549.5900000017,actuals
Dinner Foods,2011-06-10,1618636.6199999992,actuals
Cleaning Supplies,2011-06-10,1342549.2100000004,actuals
Beauty,2011-06-10,1331832.0199999996,actuals
Canned Foods,2011-06-10,3491710.1199999996,actuals
Dairy,2011-06-17,1937126.38,actuals
Bedding,2011-06-17,2009204.7500000007,actuals
Beauty,2011-06-17,1323248.5800000003,actuals
Beverages,2011-06-17,3207409.3599999994,actuals
Canned Foods,2011-06-17,3452812.320000002,actuals
Accessories,2011-06-17,1984413.2200000004,actuals
Dairy,2011-06-24,1877239.0800000008,actuals
Bedding,2011-06-24,1909655.2000000007,actuals
Beauty,2011-06-24,1288021.8500000008,actuals
Dinner Foods,2011-07-01,1457801.819999999,actuals
Accessories,2011-07-01,2025082.0199999986,actuals
Beverages,2011-07-01,3169679.340000003,actuals
Appliances,2011-07-01,2799811.2100000014,actuals
Bedding,2011-07-01,2009145.7199999983,actuals
Canned Foods,2011-07-01,3490542.569999998,actuals
Beverages,2011-07-08,3368886.3600000027,actuals
Cereal,2011-07-08,1652615.8900000006,actuals
Bedding,2011-07-08,2061990.639999999,actuals
Dinner Foods,2011-07-08,1575768.8900000001,actuals
Accessories,2011-07-08,2011695.4399999983,actuals
Canned Foods,2011-07-08,3580339.8900000025,actuals
Appliances,2011-07-15,2734441.780000001,actuals
Cereal,2011-07-15,1576981.42,actuals
Bedding,2011-07-15,2019037.2300000011,actuals
Dairy,2011-07-15,1894941.8499999996,actuals
Dinner Foods,2011-07-15,1558581.480000001,actuals
Beauty,2011-07-15,1357140.510000001,actuals
Beverages,2011-07-22,3049986.8799999976,actuals
Accessories,2011-07-22,2020007.6699999995,actuals
Bedding,2011-07-22,1965143.5499999989,actuals
Appliances,2011-07-22,2588606.109999998,actuals
Beauty,2011-07-22,1362110.4600000007,actuals
Cleaning Supplies,2011-07-22,1305363.0799999991,actuals
Canned Foods,2011-07-22,3378955.4299999992,actuals
Dairy,2011-07-22,1866638.9600000011,actuals
Beverages,2011-07-29,2963044.8899999997,actuals
Cereal,2011-07-29,1656796.2500000005,actuals
Appliances,2011-07-29,2631124.8899999987,actuals
Bedding,2011-07-29,1908539.1200000024,actuals
Accessories,2011-07-29,1978010.9599999997,actuals
Canned Foods,2011-07-29,3204515.8000000003,actuals
Beverages,2011-08-05,3475954.9000000004,actuals
Bedding,2011-08-05,2130231.1299999985,actuals
Beauty,2011-08-05,1468287.1899999997,actuals
Canned Foods,2011-08-05,3489024.0599999996,actuals
Dairy,2011-08-12,1900644.2,actuals
Cleaning Supplies,2011-08-12,1290362.5399999996,actuals
Dinner Foods,2011-08-12,1586241.0700000008,actuals
Bedding,2011-08-12,2085525.030000002,actuals
Cleaning Supplies,2011-08-19,1308058.9799999997,actuals
Dinner Foods,2011-08-19,1502584.7000000004,actuals
Appliances,2011-08-19,2690802.5699999994,actuals
Accessories,2011-08-19,2099590.3299999996,actuals
Bedding,2011-08-19,2072240.8399999987,actuals
Beverages,2011-08-19,3271764.8499999973,actuals
Canned Foods,2011-08-19,3273055.8800000027,actuals
Dinner Foods,2011-08-26,1453320.7699999993,actuals
Bedding,2011-08-26,2121358.2600000016,actuals
Dairy,2011-08-26,1969790.3400000003,actuals
Canned Foods,2011-08-26,3485900.2899999996,actuals
Appliances,2011-09-02,2772833.91,actuals
Dinner Foods,2011-09-02,1438199.7299999984,actuals
Cereal,2011-09-02,1858389.1199999992,actuals
Beauty,2011-09-02,1440919.9900000005,actuals
Appliances,2011-09-09,2602305.450000001,actuals
Bedding,2011-09-09,2228404.219999999,actuals
Cereal,2011-09-09,1851735.7999999989,actuals
Dairy,2011-09-09,1979136.950000001,actuals
Canned Foods,2011-09-09,3343593.5099999984,actuals
Cleaning Supplies,2011-09-09,1341687.7599999988,actuals
Beverages,2011-09-16,3398824.2400000016,actuals
Appliances,2011-09-16,2818436.6399999997,actuals
Dinner Foods,2011-09-16,1539665.7600000002,actuals
Cereal,2011-09-16,1779105.1600000004,actuals
Cleaning Supplies,2011-09-16,1314721.4300000002,actuals
Accessories,2011-09-16,1903111.4199999983,actuals
Cereal,2011-09-23,1690879.0499999998,actuals
Accessories,2011-09-23,1876513.179999999,actuals
Dinner Foods,2011-09-30,1373311.8900000004,actuals
Cereal,2011-09-30,1692134.9300000004,actuals
Dairy,2011-09-30,1938117.9699999997,actuals
Canned Foods,2011-09-30,2982521.5799999987,actuals
Appliances,2011-10-07,2847994.909999999,actuals
Dairy,2011-04-01,2022973.320000002,actuals
Cereal,2011-06-03,1573067.8,actuals
Beauty,2011-09-09,1492465.090000001,actuals
Cleaning Supplies,2011-09-30,1322682.4400000006,actuals
Canned Foods,2011-03-11,3021999.979999998,actuals
Dairy,2011-09-16,1952183.6799999992,actuals
Beauty,2011-09-16,1404332.7600000007,actuals
Cleaning Supplies,2011-09-02,1299283.38,actuals
Accessories,2011-09-09,2037339.9200000006,actuals
Cleaning Supplies,2011-10-07,1398563.3599999996,actuals
Dairy,2011-10-07,2062571.7000000007,actuals
Canned Foods,2011-10-07,3288689.359999998,actuals
Accessories,2011-10-07,1988546.4399999997,actuals
Bedding,2011-10-14,2145160.859999999,actuals
Appliances,2011-10-14,2770818.990000001,actuals
Dinner Foods,2011-10-14,1574910.9899999993,actuals
Beverages,2011-10-21,3426960.309999999,actuals
Appliances,2011-10-21,2701152.0300000007,actuals
Cleaning Supplies,2011-10-21,1351021.2799999998,actuals
Bedding,2011-10-21,2098165.97,actuals
Accessories,2011-10-21,1885925.9599999983,actuals
Canned Foods,2011-10-21,3029088.4300000006,actuals
Cereal,2011-10-28,2207226.8799999985,actuals
Dinner Foods,2011-10-28,1408282.3499999994,actuals
Bedding,2011-10-28,2080516.7799999986,actuals
Cleaning Supplies,2011-10-28,1345712.4499999993,actuals
Accessories,2011-10-28,1840577.8499999987,actuals
Bedding,2011-11-04,2188725.7300000014,actuals
Beverages,2011-11-04,3765538.270000002,actuals
Canned Foods,2011-11-04,2976050.7100000004,actuals
Cleaning Supplies,2011-11-04,1423316.54,actuals
Bedding,2011-11-11,2248396.62,actuals
Beverages,2011-11-11,3985154.49,actuals
Cleaning Supplies,2011-11-11,1409019.1599999988,actuals
Appliances,2011-11-11,2819469.440000001,actuals
Dairy,2011-11-11,2029407.9899999998,actuals
Dinner Foods,2011-11-11,1604523.7899999993,actuals
Beauty,2011-11-11,1389636.4000000001,actuals
Beverages,2011-11-18,3948286.219999999,actuals
Dairy,2011-11-18,1969011.5900000003,actuals
Appliances,2011-11-18,2795641.060000001,actuals
Bedding,2011-11-18,2209558.7100000004,actuals
Cereal,2011-11-18,2137522.15,actuals
Cleaning Supplies,2011-11-18,1340054.0899999994,actuals
Accessories,2011-11-18,1874553.6799999992,actuals
Beauty,2011-11-18,1323866.659999999,actuals
Appliances,2011-11-25,2254251.9699999983,actuals
Dinner Foods,2011-11-25,1403363.7899999993,actuals
Cereal,2011-11-25,10089704.42000001,actuals
Dairy,2011-12-02,2046465.2800000021,actuals
Cereal,2011-12-02,2404798.99,actuals
Dinner Foods,2011-12-02,1373897.1199999996,actuals
Beauty,2011-12-02,1311529.3699999999,actuals
Cleaning Supplies,2011-12-02,1388861.8899999997,actuals
Beverages,2011-12-09,4092922.709999997,actuals
Appliances,2011-12-09,2911782.0499999975,actuals
Canned Foods,2011-12-09,3030198.7299999995,actuals
Cleaning Supplies,2011-12-09,1453529.6600000004,actuals
Accessories,2011-12-09,2048680.7699999984,actuals
Appliances,2011-12-16,2838249.599999999,actuals
Canned Foods,2011-12-16,3062988.39,actuals
Cleaning Supplies,2011-12-16,1484397.439999999,actuals
Dinner Foods,2011-12-16,1516212.4200000002,actuals
Beauty,2011-12-16,1258636.4200000004,actuals
Accessories,2011-12-16,2282396.9,actuals
Cleaning Supplies,2011-10-14,1327039.7400000002,actuals
Dairy,2011-11-25,1819597.8200000012,actuals
Beauty,2011-11-04,1400536.6199999992,actuals
Dinner Foods,2011-11-18,1503572.4400000013,actuals
Bedding,2011-12-02,2066288.8099999994,actuals
Canned Foods,2011-10-28,2925289.829999998,actuals
Canned Foods,2011-11-18,2895168.719999998,actuals
Bedding,2011-11-25,2452338.230000001,actuals
Dairy,2012-02-10,2209307.6299999994,actuals
Canned Foods,2012-04-13,3091855.680000001,actuals
Cleaning Supplies,2012-04-13,1307035.8399999992,actuals
Dinner Foods,2010-02-05,1755822.240000001,actuals
Cleaning Supplies,2010-02-12,1375373.29,actuals
Beverages,2010-02-12,3443837.2999999984,actuals
Beverages,2010-02-19,3312991.710000001,actuals
Bedding,2010-03-05,2005670.8299999987,actuals
Cleaning Supplies,2010-04-02,1438268.859999999,actuals
Beauty,2010-05-14,1301984.419999999,actuals
Accessories,2010-05-21,1954877.5900000008,actuals
Canned Foods,2010-06-25,3438618.2400000007,actuals
Cereal,2010-07-16,1750923.7900000005,actuals
Cleaning Supplies,2010-07-23,1316028.410000001,actuals
Dinner Foods,2010-07-23,1437634.229999999,actuals
Bedding,2010-07-23,1850685.8700000015,actuals
Beverages,2010-07-23,2918442.619999998,actuals
Beauty,2010-07-23,1419875.0000000007,actuals
Cereal,2010-07-23,1706627.7699999989,actuals
Appliances,2010-07-23,2554808.8000000017,actuals
Accessories,2010-07-30,2038851.6099999987,actuals
Bedding,2010-09-17,1920166.5099999993,actuals
Beauty,2010-09-17,1420920.0100000012,actuals
Canned Foods,2010-09-24,2944247.299999998,actuals
Accessories,2010-09-24,1875950.5100000005,actuals
Cleaning Supplies,2010-10-01,1337173.5300000005,actuals
Dinner Foods,2010-10-08,1596206.0300000007,actuals
Beauty,2010-10-08,1484751.0600000008,actuals
Accessories,2010-10-15,1833936.1399999992,actuals
Beverages,2010-10-22,3118517.0900000012,actuals
Cereal,2010-11-19,1796398.9900000002,actuals
Dairy,2010-11-26,1817977.0200000007,actuals
Accessories,2010-12-17,2120921.88,actuals
Cereal,2011-01-07,1868602.7899999993,actuals
Accessories,2011-01-14,1701879.0999999999,actuals
Appliances,2011-01-21,2780393.8200000017,actuals
Dinner Foods,2011-01-28,1428835.37,actuals
Dairy,2011-01-28,1995856.1200000006,actuals
Dairy,2011-02-11,2151851.9999999995,actuals
Appliances,2011-02-11,2854532.3000000007,actuals
Dinner Foods,2011-03-04,1620397.1500000013,actuals
Appliances,2010-08-20,2585634.7899999996,actuals
Beverages,2011-03-18,3248935.3300000015,actuals
Cleaning Supplies,2011-03-25,1294576.500000001,actuals
Dairy,2011-03-25,2019366.699999999,actuals
Appliances,2011-03-25,2677555.150000002,actuals
Beverages,2011-04-22,3284953.86,actuals
Dairy,2011-04-22,1970814.6799999983,actuals
Appliances,2011-04-22,2651489.9200000004,actuals
Beauty,2011-05-06,1384971.5399999993,actuals
Dinner Foods,2011-05-06,1608618.8199999984,actuals
Appliances,2011-05-13,2705229.529999999,actuals
Beverages,2011-05-27,2982491.9200000027,actuals
Cereal,2011-06-17,1902397.5899999999,actuals
Cleaning Supplies,2011-06-17,1350708.76,actuals
Appliances,2011-06-24,2648983.51,actuals
Accessories,2011-07-15,2012252.309999999,actuals
Canned Foods,2011-07-15,3395102.2299999967,actuals
Dairy,2011-07-29,1847980.6900000013,actuals
Dairy,2011-08-05,1967323.100000001,actuals
Accessories,2011-08-12,2024573.8299999987,actuals
Dairy,2011-08-19,1918812.7500000005,actuals
Beauty,2011-08-19,1465269.3099999994,actuals
Appliances,2011-08-26,2652287.3700000006,actuals
Canned Foods,2011-09-02,3309862.9399999985,actuals
Bedding,2011-09-23,2028506.7600000014,actuals
Canned Foods,2011-09-23,3005697.2800000007,actuals
Bedding,2011-09-30,2008523.9999999986,actuals
Beauty,2011-09-30,1373368.1400000001,actuals
Beauty,2011-06-03,1381967.2099999995,actuals
Beverages,2011-09-02,3254316.759999998,actuals
Beverages,2011-10-14,3554574.4100000015,actuals
Dinner Foods,2011-10-21,1488245.4699999995,actuals
Dairy,2011-11-04,1991180.3100000005,actuals
Beverages,2011-12-02,3413393.1299999976,actuals
Appliances,2011-12-02,3091315.710000001,actuals
Cereal,2011-12-09,2558351.939999998,actuals
Dinner Foods,2011-12-09,1635006.6199999996,actuals
Beverages,2011-12-16,4093797.8200000008,actuals
Accessories,2011-11-25,1917861.3,actuals
Cereal,2010-04-30,1715969.1899999992,actuals
Cleaning Supplies,2010-07-09,1292252.4600000007,actuals
Cereal,2010-02-19,3034799.9800000014,actuals
Beverages,2010-06-04,3158465.3600000027,actuals
Bedding,2010-06-04,1910085.0199999986,actuals
Dinner Foods,2010-06-25,1393128.8800000004,actuals
Accessories,2010-07-23,2038898.9299999995,actuals
Dairy,2010-08-13,1919428.0699999987,actuals
Appliances,2010-09-10,2561186.780000002,actuals
Canned Foods,2010-12-24,3254244.639999999,actuals
Dinner Foods,2011-02-04,1740506.4399999992,actuals
Beauty,2011-07-29,1336601.2000000002,actuals
Bedding,2011-03-11,2033884.9900000019,actuals
Dairy,2011-03-11,2077243.9400000009,actuals
Cereal,2011-04-08,1834547.8599999985,actuals
Canned Foods,2011-04-08,3130019.9000000004,actuals
Beverages,2011-06-24,2960337.4499999997,actuals
Dinner Foods,2011-07-29,1369965.7700000012,actuals
Cereal,2011-08-05,1856680.449999999,actuals
Cleaning Supplies,2011-09-23,1318152.719999999,actuals
Accessories,2011-10-14,1859700.1999999986,actuals
Dairy,2011-10-28,1936450.67,actuals
Appliances,2011-11-04,2902575.799999999,actuals
Dairy,2011-12-16,2075148.6500000018,actuals
Dairy,2010-07-30,1920671.8199999984,actuals
Beauty,2010-08-13,1411341.5600000005,actuals
Beverages,2010-08-13,3211755.9199999985,actuals
Canned Foods,2011-01-14,2848487.070000001,actuals
Beauty,2010-11-12,1387912.6199999994,actuals
Dairy,2010-12-03,2041276.9499999988,actuals
Cereal,2011-05-27,1568919.1999999988,actuals
Accessories,2011-06-10,1962504.609999999,actuals
Appliances,2011-08-12,2674134.8399999975,actuals
Cereal,2011-08-12,1788250.9500000007,actuals
Dinner Foods,2011-09-09,1615742.5799999996,actuals
Dairy,2010-10-15,1939607.2899999996,actuals
Bedding,2010-12-03,1889344.2100000014,actuals
Bedding,2010-12-17,2120773.3699999987,actuals
Accessories,2011-09-30,1875052.2700000012,actuals
Bedding,2011-06-03,1975953.3299999991,actuals
Beverages,2011-09-09,3655352.589999998,actuals
Beverages,2011-09-23,3216237.5199999986,actuals
Bedding,2010-04-16,1878963.5199999993,actuals
Beverages,2010-12-17,3724108.8899999987,actuals
Appliances,2010-10-15,2597032.1500000004,actuals
Cereal,2011-06-24,1844308.9700000007,actuals
Accessories,2011-04-15,1883416.84,actuals
Appliances,2011-09-23,2694770.810000001,actuals
Dinner Foods,2011-10-07,1713779.3599999992,actuals
Beauty,2011-10-07,1493280.06,actuals
Beverages,2011-10-28,3355012.379999999,actuals
Cereal,2010-05-21,1590749.2199999997,actuals
Dinner Foods,2010-11-19,1457231.5100000012,actuals
Beverages,2011-09-30,3165079.240000001,actuals
Dinner Foods,2011-03-25,1434119.0299999996,actuals
Bedding,2010-08-13,1924852.6899999988,actuals
Canned Foods,2011-03-25,2877009.6299999985,actuals
Dinner Foods,2012-04-06,1727740.5599999987,actuals
Bedding,2010-02-12,2031157.1499999992,actuals
Bedding,2010-02-19,1976215.64,actuals
Cleaning Supplies,2010-02-26,1367537.1699999992,actuals
Beauty,2010-03-19,1348626.800000001,actuals
Appliances,2010-03-26,2704991.219999999,actuals
Beverages,2010-04-30,2889255.670000002,actuals
Appliances,2010-05-21,2648574.680000002,actuals
Appliances,2010-05-28,2690655.9299999992,actuals
Dinner Foods,2010-06-04,1504883.9699999997,actuals
Canned Foods,2010-06-11,3560241.239999999,actuals
Beauty,2010-06-11,1419848.150000001,actuals
Cleaning Supplies,2010-06-18,1340481.5699999994,actuals
Cleaning Supplies,2010-07-02,1398568.5199999993,actuals
Appliances,2010-07-02,2764356.999999999,actuals
Bedding,2010-07-09,1919239.650000001,actuals
Bedding,2010-07-16,1903548.7899999998,actuals
Appliances,2010-07-30,2599254.220000002,actuals
Bedding,2010-07-30,1802612.9800000014,actuals
Bedding,2010-08-20,1893495.099999999,actuals
Cleaning Supplies,2010-08-27,1274970.1900000013,actuals
Bedding,2010-08-27,1855977.1599999995,actuals
Dairy,2010-08-27,1939868.029999999,actuals
Canned Foods,2010-08-27,3143805.760000001,actuals
Accessories,2010-09-03,2117039.29,actuals
Beverages,2010-10-01,3018358.9699999997,actuals
Cereal,2010-10-01,1663165.5599999998,actuals
Cereal,2010-10-15,1626128.3000000007,actuals
Dinner Foods,2010-10-22,1406421.3300000003,actuals
Accessories,2010-10-22,1847370.3900000008,actuals
Canned Foods,2010-10-22,2876242.459999999,actuals
Appliances,2010-10-22,2643442.1500000013,actuals
Appliances,2010-10-29,2634471.9200000023,actuals
Beverages,2010-11-05,3530982.3399999975,actuals
Appliances,2010-11-05,2825472.789999998,actuals
Appliances,2010-11-12,2658547.590000001,actuals
Dinner Foods,2010-11-12,1535908.1799999988,actuals
Bedding,2010-11-19,2001762.0000000002,actuals
Beverages,2010-12-03,3216974.969999998,actuals
Accessories,2010-12-10,1968591.5300000012,actuals
Dinner Foods,2010-12-10,1566066.3100000003,actuals
Cereal,2010-12-31,2119786.559999999,actuals
Dairy,2010-12-31,1949041.5500000005,actuals
Dairy,2011-01-14,2001491.6099999985,actuals
Cleaning Supplies,2011-01-21,1309732.2200000002,actuals
Cereal,2011-02-11,2889704.0000000005,actuals
Beauty,2011-02-11,1313155.8799999997,actuals
Canned Foods,2011-02-25,2834161.940000001,actuals
Canned Foods,2010-10-15,2971556.859999998,actuals
Beauty,2011-03-04,1492685.9599999995,actuals
Cereal,2011-03-11,2206184.000000002,actuals
Beverages,2011-03-11,3400733.050000001,actuals
Dinner Foods,2011-03-18,1543271.630000001,actuals
Bedding,2011-03-18,1993984.4100000006,actuals
Accessories,2011-03-25,1870694.5099999993,actuals
Appliances,2011-04-01,2908079.5999999978,actuals
Accessories,2011-04-01,1875748.5200000003,actuals
Beauty,2011-04-01,1331022.900000001,actuals
Canned Foods,2011-04-29,2783020.4099999983,actuals
Dinner Foods,2011-04-29,1276869.4900000005,actuals
Accessories,2011-05-06,1940981.499999999,actuals
Canned Foods,2011-05-06,3181896.5099999984,actuals
Bedding,2011-05-06,2052247.5200000016,actuals
Beauty,2011-05-13,1255405.3899999992,actuals
Dairy,2011-05-13,1934214.4100000013,actuals
Beverages,2011-05-13,3101748.9600000004,actuals
Dairy,2011-05-20,1960085.7699999986,actuals
Canned Foods,2011-05-20,3098342.9400000013,actuals
Canned Foods,2011-05-27,3214381.3100000015,actuals
Appliances,2011-06-10,2766931.5200000023,actuals
Dinner Foods,2011-06-17,1558787.7400000012,actuals
Dinner Foods,2011-06-24,1398242.7799999989,actuals
Cleaning Supplies,2011-06-24,1333790.2299999995,actuals
Dairy,2011-07-01,1968493.8900000006,actuals
Cereal,2011-07-01,1651031.2599999998,actuals
Appliances,2011-07-08,2553154.470000002,actuals
Cleaning Supplies,2011-07-08,1323570.0200000007,actuals
Beverages,2011-08-12,3355461.1700000023,actuals
Beauty,2011-08-12,1375193.0499999996,actuals
Cereal,2011-08-19,1919840.8500000003,actuals
Cleaning Supplies,2011-08-26,1337300.149999999,actuals
Beauty,2011-08-26,1489255.54,actuals
Cereal,2011-08-26,1886285.2300000002,actuals
Dairy,2011-09-02,1909128.6000000015,actuals
Bedding,2011-09-16,2119764.51,actuals
Dairy,2011-09-23,1954775.3099999994,actuals
Appliances,2011-09-30,2774948.0099999974,actuals
Bedding,2011-10-07,2303144.07,actuals
Accessories,2011-06-24,1932495.5900000012,actuals
Canned Foods,2011-06-24,3282218.699999999,actuals
Cleaning Supplies,2011-07-15,1308394.5299999989,actuals
Accessories,2011-09-02,1997245.3300000005,actuals
Dairy,2011-10-14,1929663.1400000006,actuals
Beauty,2011-10-14,1386577.5299999998,actuals
Dairy,2011-10-21,1957107.1900000004,actuals
Cereal,2011-11-04,2484128.729999998,actuals
Canned Foods,2011-11-11,2995654.5699999994,actuals
Cereal,2011-11-11,2392173.829999998,actuals
Bedding,2011-12-09,2304980.0500000007,actuals
Beauty,2011-11-25,1313116.1200000008,actuals
Dinner Foods,2010-04-16,1537326.33,actuals
Cleaning Supplies,2010-05-14,1308281.3100000003,actuals
Accessories,2010-10-01,1887216.7800000012,actuals
Beauty,2010-10-22,1370277.2299999993,actuals
Cereal,2010-10-29,1608970.5300000014,actuals
Beauty,2010-11-26,1314453.3300000008,actuals
Beauty,2010-12-17,1251816.7999999998,actuals
Appliances,2010-12-17,2695137.529999998,actuals
Canned Foods,2011-01-07,2777088.5799999987,actuals
Canned Foods,2011-02-04,3111786.4000000022,actuals
Dinner Foods,2011-04-15,1555390.520000001,actuals
Cleaning Supplies,2011-04-22,1343899.119999999,actuals
Cereal,2011-05-13,1647012.5399999986,actuals
Cleaning Supplies,2011-07-29,1288557.2799999989,actuals
Appliances,2011-08-05,2824319.9199999995,actuals
Canned Foods,2011-08-12,3391257.700000001,actuals
Beverages,2011-08-26,3387528.2899999996,actuals
Cereal,2011-10-07,1794747.1700000006,actuals
Cleaning Supplies,2011-06-03,1371599.8999999987,actuals
Beauty,2011-10-28,1342441.5699999994,actuals
Canned Foods,2011-12-02,2722229.420000002,actuals
Dairy,2010-04-30,2021580.5299999986,actuals
Bedding,2010-06-25,1801849.86,actuals
Dairy,2010-07-23,1936754.6200000017,actuals
Beverages,2010-11-12,3615576.3199999994,actuals
Canned Foods,2011-03-04,3087136.6100000013,actuals
Appliances,2011-05-27,2656503.9900000007,actuals
Dairy,2010-12-17,2039199.2699999984,actuals
Beverages,2011-06-10,3308362.0599999977,actuals
Beauty,2011-12-09,1293437.9400000002,actuals
Cleaning Supplies,2010-11-12,1375659.1099999999,actuals
Cereal,2010-11-12,2450110.7000000007,actuals
Beverages,2010-08-20,3075562.0200000023,actuals
Cleaning Supplies,2011-11-25,1311549.159999999,actuals
Dairy,2012-03-09,2218429.259999999,actuals
Beauty,2010-08-20,1491829.0700000012,actuals
Beverages,2010-09-24,2942047.849999998,actuals
Bedding,2010-10-01,1850493.7400000007,actuals
Dairy,2010-10-08,2031890.8299999998,actuals
Bedding,2010-10-15,1916621.9999999984,actuals
Beverages,2010-10-15,3228948.6400000025,actuals
Appliances,2010-11-19,2644417.8300000015,actuals
Canned Foods,2010-12-10,2888661.279999999,actuals
Beauty,2011-01-14,1284522.129999999,actuals
Bedding,2011-04-08,2087421.299999999,actuals
Cereal,2011-06-10,1543060.0399999998,actuals
Appliances,2011-06-17,2671492.8299999987,actuals
Beauty,2011-07-01,1382483.499999999,actuals
Dairy,2011-07-08,1902643.0599999984,actuals
Beauty,2011-07-08,1370737.9899999993,actuals
Cereal,2011-07-22,1670085.1500000001,actuals
Bedding,2011-09-02,2075743.0600000015,actuals
Canned Foods,2011-09-16,3151942.4199999995,actuals
Canned Foods,2011-10-14,3081140.7800000003,actuals
Beauty,2011-10-21,1389748.0499999989,actuals
Appliances,2011-10-28,2649584.669999999,actuals
Dinner Foods,2011-11-04,1532786.969999999,actuals
Accessories,2011-11-11,1925270.9699999988,actuals
Dairy,2011-12-09,2034759.6600000008,actuals
Bedding,2011-12-16,2307007.7699999986,actuals
Bedding,2010-02-05,2199107.5200000005,actuals
Bedding,2011-01-21,2014075.3700000006,actuals
Cleaning Supplies,2011-02-04,1434306.4700000007,actuals
Accessories,2011-08-05,2117353.7099999995,actuals
Cleaning Supplies,2011-08-05,1373645.1799999995,actuals
Dinner Foods,2011-08-05,1614586.969999999,actuals
Dinner Foods,2011-09-23,1432803.75,actuals
Cereal,2011-10-21,2414443.229999998,actuals
Beverages,2011-11-25,4330784.589999999,actuals
Canned Foods,2010-05-21,3247042.8200000008,actuals
Canned Foods,2010-07-23,3263317.5299999984,actuals
Cleaning Supplies,2010-09-17,1306111.9899999995,actuals
Cleaning Supplies,2010-12-17,1501914.52,actuals
Bedding,2010-10-29,1846486.1599999995,actuals
Canned Foods,2010-12-03,2628464.570000002,actuals
Canned Foods,2011-11-25,2902107.279999999,actuals
Dairy,2010-07-09,1927726.5300000012,actuals
Dairy,2010-04-16,2046378.520000001,actuals
Bedding,2011-02-25,1956634.4299999992,actuals
Beauty,2011-05-27,1315046.4600000002,actuals
Cleaning Supplies,2011-07-01,1387758.150000001,actuals
Dinner Foods,2011-07-22,1468980.2000000007,actuals
Cereal,2011-10-14,1762726.359999999,actuals
Appliances,2010-03-05,2968993.1599999988,actuals
Beverages,2010-04-02,3290226.5900000017,actuals
Beverages,2010-07-16,3096905.979999997,actuals
Dairy,2010-09-10,1996056.7099999997,actuals
Beverages,2010-10-29,3034276.259999999,actuals
Beverages,2011-03-25,3032727.1200000024,actuals
Accessories,2011-12-02,1932328.399999999,actuals
Cleaning Supplies,2010-08-13,1286355.090000001,actuals
Cereal,2010-09-17,1829275.1699999988,actuals
Beauty,2011-09-23,1378641.9500000007,actuals
Cereal,2010-07-02,1796072.610000001,actuals
Beauty,2010-09-10,1519848.869999999,actuals
Dairy,2011-03-18,2061069.1599999992,actuals
Beverages,2011-07-15,3244024.330000002,actuals
Accessories,2011-11-04,1901037.6200000013,actuals
Appliances,2011-03-18,2639910.409999998,actuals
Beverages,2011-10-07,3881033.6099999975,actuals
Accessories,2010-04-02,1957167.6599999995,actuals
Beverages,2011-06-03,3142744.019999997,actuals
Accessories,2011-08-26,2126825.5099999984,actuals
Dairy,2010-12-24,2216587.680000001,actuals
Bedding,2011-02-04,2205891.0100000002,actuals
Cleaning Supplies,2011-01-28,1277978.5699999998,actuals
Dinner Foods,2011-04-01,1462436.4700000002,actuals
Accessories,2012-04-20,2012819.580364049,forecasts
Accessories,2012-04-27,1942303.8460614637,forecasts
Accessories,2012-05-04,1975492.6216166036,forecasts
Accessories,2012-05-11,1888486.5818459697,forecasts
Accessories,2012-05-18,1979060.3230237197,forecasts
Accessories,2012-05-25,2073394.674820004,forecasts
Accessories,2012-06-01,2029831.3103321085,forecasts
Accessories,2012-06-08,2074810.9360647732,forecasts
Accessories,2012-06-15,2078300.325637494,forecasts
Accessories,2012-06-22,2013662.4499249954,forecasts
Accessories,2012-06-29,2043581.1851796745,forecasts
Accessories,2012-07-06,2140323.436305081,forecasts
Accessories,2012-07-13,2009125.873486204,forecasts
Accessories,2012-07-20,1992977.489930524,forecasts
Accessories,2012-07-27,2001585.0683328363,forecasts
Accessories,2012-08-03,2032512.223606281,forecasts
Accessories,2012-08-10,1993561.0753505598,forecasts
Accessories,2012-08-17,2046059.752777888,forecasts
Accessories,2012-08-24,2124052.1465695566,forecasts
Accessories,2012-08-31,2038423.0919289738,forecasts
Accessories,2012-09-07,2031533.5901565924,forecasts
Accessories,2012-09-14,2035994.5500544007,forecasts
Accessories,2012-09-21,2013489.623307579,forecasts
Accessories,2012-09-28,2004121.6406931372,forecasts
Accessories,2012-10-05,1931485.0201493273,forecasts
Accessories,2012-10-12,1936287.5688657279,forecasts
Accessories,2012-10-19,1928797.5603671945,forecasts
Accessories,2012-10-26,1868902.095985492,forecasts
Appliances,2012-04-20,2897335.341623414,forecasts
Appliances,2012-04-27,2734332.1604557745,forecasts
Appliances,2012-05-04,3131293.899142674,forecasts
Appliances,2012-05-11,2864399.756587047,forecasts
Appliances,2012-05-18,2900957.2833571457,forecasts
Appliances,2012-05-25,2797056.197275299,forecasts
Appliances,2012-06-01,2733680.3225755054,forecasts
Appliances,2012-06-08,2843757.249976989,forecasts
Appliances,2012-06-15,2822762.7493725466,forecasts
Appliances,2012-06-22,2763786.7613340053,forecasts
Appliances,2012-06-29,2776883.1174589763,forecasts
Appliances,2012-07-06,2861251.832346519,forecasts
Appliances,2012-07-13,2892641.8529898413,forecasts
Appliances,2012-07-20,2871511.0009454647,forecasts
Appliances,2012-07-27,2584476.9936732133,forecasts
Appliances,2012-08-03,3020715.540868783,forecasts
Appliances,2012-08-10,2795101.6172014223,forecasts
Appliances,2012-08-17,2801004.184799539,forecasts
Appliances,2012-08-24,2622609.1843500948,forecasts
Appliances,2012-08-31,2756871.3059177673,forecasts
Appliances,2012-09-07,3015485.6982502793,forecasts
Appliances,2012-09-14,2782266.9094658643,forecasts
Appliances,2012-09-21,2679814.3753474695,forecasts
Appliances,2012-09-28,2809471.449882009,forecasts
Appliances,2012-10-05,2893615.8162208996,forecasts
Appliances,2012-10-12,2847127.572263058,forecasts
Appliances,2012-10-19,2717831.317436869,forecasts
Appliances,2012-10-26,2527893.8248204174,forecasts
Beauty,2012-04-20,1353613.2278865108,forecasts
Beauty,2012-04-27,1253710.7944835222,forecasts
Beauty,2012-05-04,1403816.3464041706,forecasts
Beauty,2012-05-11,1272470.5337774581,forecasts
Beauty,2012-05-18,1351968.3227713506,forecasts
Beauty,2012-05-25,1332923.550797953,forecasts
Beauty,2012-06-01,1400755.2131384448,forecasts
Beauty,2012-06-08,1349937.8531956004,forecasts
Beauty,2012-06-15,1341237.4324025698,forecasts
Beauty,2012-06-22,1305531.6303823756,forecasts
Beauty,2012-06-29,1401277.6334638798,forecasts
Beauty,2012-07-06,1389372.062788492,forecasts
Beauty,2012-07-13,1375590.5558180914,forecasts
Beauty,2012-07-20,1380628.1374944048,forecasts
Beauty,2012-07-27,1354771.6661407673,forecasts
Beauty,2012-08-03,1488247.7364882703,forecasts
Beauty,2012-08-10,1393888.3911288667,forecasts
Beauty,2012-08-17,1485189.4451773928,forecasts
Beauty,2012-08-24,1509501.6987535937,forecasts
Beauty,2012-08-31,1460509.4675302866,forecasts
Beauty,2012-09-07,1512754.3142949955,forecasts
Beauty,2012-09-14,1423424.6345589093,forecasts
Beauty,2012-09-21,1397383.548505415,forecasts
Beauty,2012-09-28,1392039.2115494125,forecasts
Beauty,2012-10-05,1513581.1929392202,forecasts
Beauty,2012-10-12,1405427.8272936211,forecasts
Beauty,2012-10-19,1408641.5634752978,forecasts
Beauty,2012-10-26,1360691.6369166814,forecasts
Bedding,2012-04-20,2156690.577047749,forecasts
Bedding,2012-04-27,2016489.3085716257,forecasts
Bedding,2012-05-04,2091576.5085487142,forecasts
Bedding,2012-05-11,2075357.1274609715,forecasts
Bedding,2012-05-18,2063712.5510663835,forecasts
Bedding,2012-05-25,2075814.3764412662,forecasts
Bedding,2012-06-01,2040587.9034503188,forecasts
Bedding,2012-06-08,2157040.258062937,forecasts
Bedding,2012-06-15,2173806.7926465226,forecasts
Bedding,2012-06-22,2042620.5979442375,forecasts
Bedding,2012-06-29,2058982.7077166154,forecasts
Bedding,2012-07-06,2241412.415783833,forecasts
Bedding,2012-07-13,2092186.9705541006,forecasts
Bedding,2012-07-20,1990491.089472538,forecasts
Bedding,2012-07-27,2069901.6775477326,forecasts
Bedding,2012-08-03,1968780.1392151208,forecasts
Bedding,2012-08-10,2130003.7379763434,forecasts
Bedding,2012-08-17,2058167.9753981235,forecasts
Bedding,2012-08-24,2149479.2474511703,forecasts
Bedding,2012-08-31,2120680.0865506586,forecasts
Bedding,2012-09-07,2151433.6931710215,forecasts
Bedding,2012-09-14,2209600.1810049657,forecasts
Bedding,2012-09-21,2103306.095857215,forecasts
Bedding,2012-09-28,2094754.4554092232,forecasts
Bedding,2012-10-05,2149241.4718378964,forecasts
Bedding,2012-10-12,2190005.964794548,forecasts
Bedding,2012-10-19,2196605.2709047124,forecasts
Bedding,2012-10-26,2152435.188521076,forecasts
Beverages,2012-04-20,3576452.3271538313,forecasts
Beverages,2012-04-27,3024684.9790972364,forecasts
Beverages,2012-05-04,3677365.8510887483,forecasts
Beverages,2012-05-11,3362410.4759455603,forecasts
Beverages,2012-05-18,3399694.098142878,forecasts
Beverages,2012-05-25,3233132.933199666,forecasts
Beverages,2012-06-01,3406850.6731981053,forecasts
Beverages,2012-06-08,3586388.0348417284,forecasts
Beverages,2012-06-15,3476951.5923519717,forecasts
Beverages,2012-06-22,3209116.898182843,forecasts
Beverages,2012-06-29,3436050.6320431135,forecasts
Beverages,2012-07-06,3651999.867129172,forecasts
Beverages,2012-07-13,3516642.01893957,forecasts
Beverages,2012-07-20,3306299.484047441,forecasts
Beverages,2012-07-27,3212050.151283,forecasts
Beverages,2012-08-03,3768063.337822493,forecasts
Beverages,2012-08-10,3637446.3817874617,forecasts
Beverages,2012-08-17,3546715.345436459,forecasts
Beverages,2012-08-24,3672207.155062712,forecasts
Beverages,2012-08-31,3527800.7806349015,forecasts
Beverages,2012-09-07,3962537.695831871,forecasts
Beverages,2012-09-14,3684453.324158277,forecasts
Beverages,2012-09-21,3486521.1017011665,forecasts
Beverages,2012-09-28,3431063.5766931525,forecasts
Beverages,2012-10-05,4207183.911240077,forecasts
Beverages,2012-10-12,3853291.3905687714,forecasts
Beverages,2012-10-19,3714951.874731635,forecasts
Beverages,2012-10-26,3636957.294245512,forecasts
Canned Foods,2012-04-20,3144799.8191849305,forecasts
Canned Foods,2012-04-27,2981664.808251742,forecasts
Canned Foods,2012-05-04,3257953.1491925614,forecasts
Canned Foods,2012-05-11,3294040.813289218,forecasts
Canned Foods,2012-05-18,3207562.564923498,forecasts
Canned Foods,2012-05-25,3377296.508042801,forecasts
Canned Foods,2012-06-01,3467441.416526267,forecasts
Canned Foods,2012-06-08,3607136.894067003,forecasts
Canned Foods,2012-06-15,3664391.8150684326,forecasts
Canned Foods,2012-06-22,3381879.650812072,forecasts
Canned Foods,2012-06-29,3476885.2753957612,forecasts
Canned Foods,2012-07-06,3837181.8289162787,forecasts
Canned Foods,2012-07-13,3540716.643970291,forecasts
Canned Foods,2012-07-20,3449100.923418236,forecasts
Canned Foods,2012-07-27,3437804.206537887,forecasts
Canned Foods,2012-08-03,3318847.4787900206,forecasts
Canned Foods,2012-08-10,3513618.2541503236,forecasts
Canned Foods,2012-08-17,3461058.5419740356,forecasts
Canned Foods,2012-08-24,3385290.418442416,forecasts
Canned Foods,2012-08-31,3326338.2149532707,forecasts
Canned Foods,2012-09-07,3386323.684746529,forecasts
Canned Foods,2012-09-14,3379181.2256844933,forecasts
Canned Foods,2012-09-21,3106131.995367429,forecasts
Canned Foods,2012-09-28,3049041.7103412445,forecasts
Canned Foods,2012-10-05,3151855.6425786093,forecasts
Canned Foods,2012-10-12,3089829.2974633966,forecasts
Canned Foods,2012-10-19,3024027.369915765,forecasts
Canned Foods,2012-10-26,2929679.9635161175,forecasts
Cereal,2012-04-20,1788525.4803496844,forecasts
Cereal,2012-04-27,1643240.0961262418,forecasts
Cereal,2012-05-04,1741735.86834271,forecasts
Cereal,2012-05-11,1644205.7231129417,forecasts
Cereal,2012-05-18,1604054.3157212764,forecasts
Cereal,2012-05-25,1568464.751886801,forecasts
Cereal,2012-06-01,1572880.5882032767,forecasts
Cereal,2012-06-08,1542983.5611703703,forecasts
Cereal,2012-06-15,1902359.9765460186,forecasts
Cereal,2012-06-22,1844293.0340380252,forecasts
Cereal,2012-06-29,1651025.1054848414,forecasts
Cereal,2012-07-06,1652614.5812055627,forecasts
Cereal,2012-07-13,1576979.4628806543,forecasts
Cereal,2012-07-20,1670085.4539076504,forecasts
Cereal,2012-07-27,1656796.4118329128,forecasts
Cereal,2012-08-03,1856679.8479942456,forecasts
Cereal,2012-08-10,1788250.88842967,forecasts
Cereal,2012-08-17,1919840.0949683883,forecasts
Cereal,2012-08-24,1886285.2414488294,forecasts
Cereal,2012-08-31,1858389.328996466,forecasts
Cereal,2012-09-07,1851735.6552968805,forecasts
Cereal,2012-09-14,1779104.3758147352,forecasts
Cereal,2012-09-21,1690879.350546241,forecasts
Cereal,2012-09-28,1692134.3785845144,forecasts
Cereal,2012-10-05,1794746.6224593692,forecasts
Cereal,2012-10-12,1762725.770964227,forecasts
Cereal,2012-10-19,2414443.835542602,forecasts
Cereal,2012-10-26,2207226.5984981577,forecasts
Cleaning Supplies,2012-04-20,1373614.9946515986,forecasts
Cleaning Supplies,2012-04-27,1332131.8440155513,forecasts
Cleaning Supplies,2012-05-04,1414262.7262392885,forecasts
Cleaning Supplies,2012-05-11,1318735.7451358866,forecasts
Cleaning Supplies,2012-05-18,1371519.3148078658,forecasts
Cleaning Supplies,2012-05-25,1422453.0081279252,forecasts
Cleaning Supplies,2012-06-01,1370996.221488347,forecasts
Cleaning Supplies,2012-06-08,1399919.2116765277,forecasts
Cleaning Supplies,2012-06-15,1386288.2206066845,forecasts
Cleaning Supplies,2012-06-22,1341631.454205059,forecasts
Cleaning Supplies,2012-06-29,1357131.6392294886,forecasts
Cleaning Supplies,2012-07-06,1424309.9890371554,forecasts
Cleaning Supplies,2012-07-13,1341604.5854054536,forecasts
Cleaning Supplies,2012-07-20,1326954.8053119837,forecasts
Cleaning Supplies,2012-07-27,1335463.2324286057,forecasts
Cleaning Supplies,2012-08-03,1342263.665968843,forecasts
Cleaning Supplies,2012-08-10,1332166.1457951653,forecasts
Cleaning Supplies,2012-08-17,1329760.8121748832,forecasts
Cleaning Supplies,2012-08-24,1357415.1121186183,forecasts
Cleaning Supplies,2012-08-31,1353077.6078255146,forecasts
Cleaning Supplies,2012-09-07,1400407.9314851023,forecasts
Cleaning Supplies,2012-09-14,1398662.1433004215,forecasts
Cleaning Supplies,2012-09-21,1379466.0076220268,forecasts
Cleaning Supplies,2012-09-28,1434468.3019112987,forecasts
Cleaning Supplies,2012-10-05,1427889.5986092004,forecasts
Cleaning Supplies,2012-10-12,1406347.5879337888,forecasts
Cleaning Supplies,2012-10-19,1424603.4180750889,forecasts
Cleaning Supplies,2012-10-26,1356652.8469199864,forecasts
Dairy,2012-04-20,2043154.4182624933,forecasts
Dairy,2012-04-27,1929947.555992845,forecasts
Dairy,2012-05-04,2122916.058624437,forecasts
Dairy,2012-05-11,2005211.3660719276,forecasts
Dairy,2012-05-18,2032031.568481741,forecasts
Dairy,2012-05-25,1973997.3104249479,forecasts
Dairy,2012-06-01,2015702.9246554952,forecasts
Dairy,2012-06-08,2027420.7385385302,forecasts
Dairy,2012-06-15,2008229.3613503678,forecasts
Dairy,2012-06-22,1946143.8025655767,forecasts
Dairy,2012-06-29,2040749.4325138815,forecasts
Dairy,2012-07-06,1972480.557702639,forecasts
Dairy,2012-07-13,1964496.4248632528,forecasts
Dairy,2012-07-20,1935154.0958917893,forecasts
Dairy,2012-07-27,1915812.6785944349,forecasts
Dairy,2012-08-03,2039535.3585533448,forecasts
Dairy,2012-08-10,1970408.6699572792,forecasts
Dairy,2012-08-17,1989244.3099964147,forecasts
Dairy,2012-08-24,2042092.7595645096,forecasts
Dairy,2012-08-31,1979203.7690261384,forecasts
Dairy,2012-09-07,2051783.025909502,forecasts
Dairy,2012-09-14,2023839.198446821,forecasts
Dairy,2012-09-21,2026525.726072758,forecasts
Dairy,2012-09-28,2009258.0854064957,forecasts
Dairy,2012-10-05,2138279.1593644344,forecasts
Dairy,2012-10-12,2000491.5901928302,forecasts
Dairy,2012-10-19,2028942.9734988553,forecasts
Dairy,2012-10-26,2007528.5216543144,forecasts
Dinner Foods,2012-04-20,1514944.4360425652,forecasts
Dinner Foods,2012-04-27,1276869.859016297,forecasts
Dinner Foods,2012-05-04,1608619.440877194,forecasts
Dinner Foods,2012-05-11,1495469.5876278854,forecasts
Dinner Foods,2012-05-18,1496187.1337580665,forecasts
Dinner Foods,2012-05-25,1367611.4084836892,forecasts
Dinner Foods,2012-06-01,1467342.0095289666,forecasts
Dinner Foods,2012-06-08,1618635.9479659514,forecasts
Dinner Foods,2012-06-15,1558788.4474275447,forecasts
Dinner Foods,2012-06-22,1398243.3714016494,forecasts
Dinner Foods,2012-06-29,1457801.4942876555,forecasts
Dinner Foods,2012-07-06,1575769.2680050745,forecasts
Dinner Foods,2012-07-13,1558581.8269882493,forecasts
Dinner Foods,2012-07-20,1468980.1819683593,forecasts
Dinner Foods,2012-07-27,1369966.3112223635,forecasts
Dinner Foods,2012-08-03,1614587.3906607432,forecasts
Dinner Foods,2012-08-10,1586240.6494780607,forecasts
Dinner Foods,2012-08-17,1502584.6120700096,forecasts
Dinner Foods,2012-08-24,1453320.61034007,forecasts
Dinner Foods,2012-08-31,1438199.6208719297,forecasts
Dinner Foods,2012-09-07,1615742.6466577814,forecasts
Dinner Foods,2012-09-14,1539665.9488761828,forecasts
Dinner Foods,2012-09-21,1432804.3927250942,forecasts
Dinner Foods,2012-09-28,1373312.4222912034,forecasts
Dinner Foods,2012-10-05,1713779.6436624588,forecasts
Dinner Foods,2012-10-12,1574911.4195381387,forecasts
Dinner Foods,2012-10-19,1488244.8978836918,forecasts
Dinner Foods,2012-10-26,1408282.9252676568,forecasts
