dept,wk_date,total_sales,avg_temp,day_of_week
72.0,2011-12-16,2967649.5699999994,40.141190476190474,Friday
2.0,2011-12-23,2846582.63,39.611777777777775,Friday
91.0,2011-12-23,1556471.5399999998,39.611777777777775,Friday
90.0,2011-12-23,2747982.75,39.611777777777775,Friday
38.0,2011-12-23,2698126.1999999997,39.611777777777775,Friday
95.0,2011-12-23,3322448.6800000006,39.611777777777775,Friday
40.0,2011-12-23,2204243.1,39.611777777777775,Friday
92.0,2011-12-23,4647997.52,39.611777777777775,Friday
72.0,2011-12-23,5028104.79,38.699285714285715,Friday
8.0,2011-12-23,1733834.97,39.611777777777775,Friday
13.0,2011-12-23,1332252.77,39.611777777777775,Friday
40.0,2011-12-30,1881964.7200000002,37.92622222222222,Friday
72.0,2011-12-30,2665205.18,37.36790697674419,Friday
92.0,2011-12-30,2914599.55,37.92622222222222,Friday
2.0,2011-12-30,1797200.9100000001,37.92622222222222,Friday
91.0,2011-12-30,1161792.29,37.92622222222222,Friday
90.0,2011-12-30,1916945.6600000001,37.92622222222222,Friday
95.0,2011-12-30,2485110.93,37.92622222222222,Friday
8.0,2011-12-30,1244924.6300000001,37.92622222222222,Friday
38.0,2011-12-30,2514156.5,37.92622222222222,Friday
13.0,2011-12-30,1178176.3299999998,37.92622222222222,Friday
92.0,2012-01-06,3862416.79,41.13333333333334,Friday
91.0,2012-01-06,1682066.92,41.13333333333334,Friday
40.0,2012-01-06,2241109.21,41.13333333333334,Friday
8.0,2012-01-06,1326346.71,41.13333333333334,Friday
95.0,2012-01-06,3059249.38,41.13333333333334,Friday
72.0,2012-01-06,1767184.08,39.834523809523816,Friday
38.0,2012-01-06,3110692.21,41.13333333333334,Friday
2.0,2012-01-06,1936413.71,41.13333333333334,Friday
90.0,2012-01-06,2274279.8600000003,41.13333333333334,Friday
13.0,2012-01-06,1437179.04,41.13333333333334,Friday
92.0,2012-01-13,3746489.0700000003,39.69022222222222,Friday
95.0,2012-01-13,2926984.66,39.69022222222222,Friday
2.0,2012-01-13,1852848.92,39.69022222222222,Friday
90.0,2012-01-13,2191304.49,39.69022222222222,Friday
91.0,2012-01-13,1642329.01,39.69022222222222,Friday
40.0,2012-01-13,2124902.57,39.69022222222222,Friday
8.0,2012-01-13,1289438.38,39.69022222222222,Friday
72.0,2012-01-13,1672350.9,38.67071428571428,Friday
38.0,2012-01-13,3048915.22,39.69022222222222,Friday
13.0,2012-01-13,1317409.43,39.69022222222222,Friday
40.0,2012-01-20,2116767.62,39.74177777777778,Friday
91.0,2012-01-20,1590982.85,39.74177777777778,Friday
72.0,2012-01-20,1805209.45,38.54714285714286,Friday
92.0,2012-01-20,3613365.95,39.74177777777778,Friday
95.0,2012-01-20,2958740.81,39.74177777777778,Friday
13.0,2012-01-20,1318835.63,39.74177777777778,Friday
8.0,2012-01-20,1320067.53,39.74177777777778,Friday
90.0,2012-01-20,2179965.35,39.74177777777778,Friday
38.0,2012-01-20,2835067.8499999996,39.74177777777778,Friday
2.0,2012-01-20,1867059.8900000001,39.74177777777778,Friday
40.0,2012-01-27,2001857.2,42.726,Friday
8.0,2012-01-27,1251658.2,42.726,Friday
38.0,2012-01-27,2887702.33,42.726,Friday
2.0,2012-01-27,1730179.8499999999,42.726,Friday
72.0,2012-01-27,1789460.6600000001,41.667142857142856,Friday
95.0,2012-01-27,2773665.3,42.726,Friday
13.0,2012-01-27,1210821.03,42.726,Friday
91.0,2012-01-27,1446032.93,42.726,Friday
92.0,2012-01-27,3313512.4,42.726,Friday
90.0,2012-01-27,2037988.17,42.726,Friday
90.0,2012-02-03,2229493.39,44.80444444444444,Friday
72.0,2012-02-03,2548988.12,43.77357142857143,Friday
40.0,2012-02-03,2192252.31,44.80444444444444,Friday
8.0,2012-02-03,1417157.72,44.80444444444444,Friday
95.0,2012-02-03,3066161.29,44.80444444444444,Friday
2.0,2012-02-03,1995274.05,44.80444444444444,Friday
38.0,2012-02-03,3121192.96,44.80444444444444,Friday
92.0,2012-02-03,3746408.7199999997,44.80444444444444,Friday
13.0,2012-02-03,1381251.29,44.80444444444444,Friday
91.0,2012-02-03,1660745.6800000002,44.80444444444444,Friday
8.0,2012-02-10,1403521.21,39.848,Friday
95.0,2012-02-10,3161814.7199999997,39.848,Friday
91.0,2012-02-10,1752918.02,39.848,Friday
72.0,2012-02-10,3234457.9000000004,39.040232558139536,Friday
2.0,2012-02-10,2037945.8599999999,39.848,Friday
13.0,2012-02-10,1391368.42,39.848,Friday
38.0,2012-02-10,2972930.7699999996,39.848,Friday
92.0,2012-02-10,3910737.18,39.848,Friday
90.0,2012-02-10,2261271.45,39.848,Friday
8.0,2012-02-17,1364216.22,40.20333333333333,Friday
91.0,2012-02-17,1583235.17,40.20333333333333,Friday
2.0,2012-02-17,1976676.22,40.20333333333333,Friday
72.0,2012-02-17,2748184.19,39.11547619047619,Friday
40.0,2012-02-17,2136071.0,40.20333333333333,Friday
92.0,2012-02-17,3627632.6900000004,40.20333333333333,Friday
90.0,2012-02-17,2139259.17,40.20333333333333,Friday
95.0,2012-02-17,2954428.4499999997,40.20333333333333,Friday
13.0,2012-02-17,1323643.8399999999,40.20333333333333,Friday
38.0,2012-02-17,2974062.8200000003,40.20333333333333,Friday
92.0,2012-02-24,3476677.52,45.123999999999995,Friday
72.0,2012-02-24,2430785.41,44.394418604651165,Friday
91.0,2012-02-24,1524141.5600000003,45.123999999999995,Friday
2.0,2012-02-24,2046897.0300000003,45.123999999999995,Friday
40.0,2012-02-24,2173879.81,45.123999999999995,Friday
95.0,2012-02-24,2963563.8200000003,45.123999999999995,Friday
8.0,2012-02-24,1393394.11,45.123999999999995,Friday
38.0,2012-02-24,2787724.43,45.123999999999995,Friday
13.0,2012-02-24,1399372.0,45.123999999999995,Friday
90.0,2012-02-24,2104007.96,45.123999999999995,Friday
92.0,2012-03-02,3603681.2699999996,45.486444444444444,Friday
40.0,2012-03-02,2227096.1900000004,45.486444444444444,Friday
91.0,2012-03-02,1575192.03,45.486444444444444,Friday
8.0,2012-03-02,1419253.8599999999,45.486444444444444,Friday
2.0,2012-03-02,2057833.0899999999,45.486444444444444,Friday
72.0,2012-03-02,2309221.67,44.37666666666667,Friday
38.0,2012-03-02,3128520.25,45.486444444444444,Friday
95.0,2012-03-02,3032242.4699999997,45.486444444444444,Friday
13.0,2012-03-02,1439392.0,45.486444444444444,Friday
90.0,2012-03-02,2139224.42,45.486444444444444,Friday
8.0,2012-03-09,1405097.5299999998,47.550888888888885,Friday
92.0,2012-03-09,3841342.2500000005,47.550888888888885,Friday
95.0,2012-03-09,3225771.0599999996,47.550888888888885,Friday
2.0,2012-03-09,2040874.9900000002,47.550888888888885,Friday
38.0,2012-03-09,2983339.9099999997,47.550888888888885,Friday
90.0,2012-03-09,2210386.5199999996,47.550888888888885,Friday
91.0,2012-03-09,1702872.4799999997,47.550888888888885,Friday
13.0,2012-03-09,1407645.7699999998,47.550888888888885,Friday
72.0,2012-03-09,2080139.1700000002,46.84651162790697,Friday
92.0,2012-03-16,3562833.73,54.742222222222225,Friday
8.0,2012-03-16,1355110.9700000002,54.742222222222225,Friday
2.0,2012-03-16,1974819.02,54.742222222222225,Friday
13.0,2012-03-16,1375568.4300000002,54.742222222222225,Friday
40.0,2012-03-16,2140228.84,54.742222222222225,Friday
72.0,2012-03-16,2059628.9300000002,54.3093023255814,Friday
90.0,2012-03-16,2132665.96,54.742222222222225,Friday
91.0,2012-03-16,1582847.83,54.742222222222225,Friday
95.0,2012-03-16,3168037.25,54.742222222222225,Friday
38.0,2012-03-16,2880025.9600000004,54.742222222222225,Friday
92.0,2012-03-23,3246339.72,57.14022222222222,Friday
8.0,2012-03-23,1334346.8800000001,57.14022222222222,Friday
2.0,2012-03-23,1910885.6300000001,57.14022222222222,Friday
13.0,2012-03-23,1345261.6800000002,57.14022222222222,Friday
90.0,2012-03-23,1984775.4800000002,57.14022222222222,Friday
72.0,2012-03-23,1710130.94,56.7746511627907,Friday
91.0,2012-03-23,1435878.79,57.14022222222222,Friday
38.0,2012-03-23,2900676.86,57.14022222222222,Friday
95.0,2012-03-23,2984946.7600000002,57.14022222222222,Friday
40.0,2012-03-23,2075683.81,57.14022222222222,Friday
2.0,2012-03-30,1920718.83,57.52844444444444,Friday
13.0,2012-03-30,1344799.71,57.52844444444444,Friday
92.0,2012-03-30,3198482.22,57.52844444444444,Friday
8.0,2012-03-30,1353982.5799999998,57.52844444444444,Friday
40.0,2012-03-30,2077302.8900000001,57.52844444444444,Friday
95.0,2012-03-30,3036695.2399999998,57.52844444444444,Friday
90.0,2012-03-30,1977207.2700000003,57.52844444444444,Friday
38.0,2012-03-30,2944016.09,57.52844444444444,Friday
72.0,2012-03-30,1615556.5199999998,56.64380952380952,Friday
91.0,2012-03-30,1439058.0999999999,57.52844444444444,Friday
13.0,2012-04-06,1445925.47,57.00222222222223,Friday
92.0,2012-04-06,3961282.39,57.00222222222223,Friday
8.0,2012-04-06,1471928.7100000002,57.00222222222223,Friday
95.0,2012-04-06,3407441.81,57.00222222222223,Friday
2.0,2012-04-06,2097789.3499999996,57.00222222222223,Friday
90.0,2012-04-06,2354364.07,57.00222222222223,Friday
38.0,2012-04-06,3081965.2700000005,57.00222222222223,Friday
72.0,2012-04-06,1815304.8800000001,56.05738095238096,Friday
40.0,2012-04-06,2171153.2500000005,57.00222222222223,Friday
13.0,2012-04-13,1287435.07,58.30066666666666,Friday
92.0,2012-04-13,3418386.5500000003,58.30066666666666,Friday
90.0,2012-04-13,2055286.54,58.30066666666666,Friday
2.0,2012-04-13,1878746.16,58.30066666666666,Friday
40.0,2012-04-13,2008446.41,58.30066666666666,Friday
38.0,2012-04-13,2898806.6999999997,58.30066666666666,Friday
91.0,2012-04-13,1506578.8599999999,58.30066666666666,Friday
72.0,2012-04-13,1705745.33,57.67627906976744,Friday
2.0,2012-04-20,1966964.1400000001,61.355555555555554,Friday
38.0,2012-04-20,2878236.3000000003,61.355555555555554,Friday
13.0,2012-04-20,1366994.6099999999,61.355555555555554,Friday
90.0,2012-04-20,2000077.64,61.355555555555554,Friday
92.0,2012-04-20,3376507.94,61.355555555555554,Friday
95.0,2012-04-20,3123172.3600000003,61.355555555555554,Friday
72.0,2012-04-20,1661950.02,60.93744186046513,Friday
8.0,2012-04-20,1362547.5699999998,61.355555555555554,Friday
40.0,2012-04-20,2111299.35,61.355555555555554,Friday
91.0,2012-04-20,1502634.2399999998,61.355555555555554,Friday
92.0,2012-04-27,3198465.0100000002,62.776222222222216,Friday
13.0,2012-04-27,1311185.08,62.776222222222216,Friday
38.0,2012-04-27,2855480.1300000004,62.776222222222216,Friday
90.0,2012-04-27,1955272.8499999999,62.776222222222216,Friday
2.0,2012-04-27,1884426.1999999997,62.776222222222216,Friday
8.0,2012-04-27,1334521.07,62.776222222222216,Friday
40.0,2012-04-27,2018965.0000000002,62.776222222222216,Friday
95.0,2012-04-27,3086089.08,62.776222222222216,Friday
72.0,2012-04-27,1572553.36,61.901162790697676,Friday
91.0,2012-04-27,1449483.19,62.776222222222216,Friday
13.0,2012-05-04,1404842.36,64.676,Friday
92.0,2012-05-04,3562210.83,64.676,Friday
38.0,2012-05-04,3103771.1399999997,64.676,Friday
2.0,2012-05-04,2005742.5399999998,64.676,Friday
40.0,2012-05-04,2115023.68,64.676,Friday
72.0,2012-05-04,1692860.49,63.661904761904765,Friday
90.0,2012-05-04,2087873.62,64.676,Friday
95.0,2012-05-04,3316988.1900000004,64.676,Friday
8.0,2012-05-04,1425862.06,64.676,Friday
91.0,2012-05-04,1609783.33,64.676,Friday
13.0,2012-05-11,1313009.64,64.838,Friday
40.0,2012-05-11,2002033.96,64.838,Friday
90.0,2012-05-11,2071036.4099999997,64.838,Friday
92.0,2012-05-11,3580365.37,64.838,Friday
91.0,2012-05-11,1614164.7800000003,64.838,Friday
2.0,2012-05-11,1898293.79,64.838,Friday
38.0,2012-05-11,2868055.24,64.838,Friday
8.0,2012-05-11,1345827.76,64.838,Friday
72.0,2012-05-11,1676422.4600000002,64.47022727272726,Friday
95.0,2012-05-11,3277276.4600000004,64.838,Friday
13.0,2012-05-18,1296484.5100000002,67.63822222222223,Friday
90.0,2012-05-18,1982509.0,67.63822222222223,Friday
92.0,2012-05-18,3329510.9699999997,67.63822222222223,Friday
91.0,2012-05-18,1495863.5499999998,67.63822222222223,Friday
38.0,2012-05-18,2813973.21,67.63822222222223,Friday
72.0,2012-05-18,1639642.4,66.98162790697674,Friday
2.0,2012-05-18,1911921.1400000001,67.63822222222223,Friday
95.0,2012-05-18,3214710.8600000003,67.63822222222223,Friday
91.0,2012-05-25,1448207.47,71.79555555555555,Friday
90.0,2012-05-25,1989612.8399999999,71.79555555555555,Friday
38.0,2012-05-25,2756526.69,71.79555555555555,Friday
13.0,2012-05-25,1365928.1099999999,71.79555555555555,Friday
8.0,2012-05-25,1381108.6099999999,71.79555555555555,Friday
40.0,2012-05-25,2048622.9699999997,71.79555555555555,Friday
95.0,2012-05-25,3401920.3600000003,71.79555555555555,Friday
2.0,2012-05-25,2005529.9500000002,71.79555555555555,Friday
38.0,2012-06-01,2643747.53,72.94377777777778,Friday
90.0,2012-06-01,1966080.9800000002,72.94377777777778,Friday
8.0,2012-06-01,1365628.94,72.94377777777778,Friday
72.0,2012-06-01,1586113.1400000001,72.51534883720932,Friday
92.0,2012-06-01,3252011.6,72.94377777777778,Friday
13.0,2012-06-01,1379750.2800000003,72.94377777777778,Friday
40.0,2012-06-01,1977983.1300000001,72.94377777777778,Friday
2.0,2012-06-01,1981080.91,72.94377777777778,Friday
90.0,2012-06-08,2132808.86,71.99133333333333,Friday
8.0,2012-06-08,1420830.13,71.99133333333333,Friday
72.0,2012-06-08,1696784.95,71.2046511627907,Friday
38.0,2012-06-08,2859534.6500000004,71.99133333333333,Friday
2.0,2012-06-08,2090713.58,71.99133333333333,Friday
40.0,2012-06-08,2099825.16,71.99133333333333,Friday
13.0,2012-06-08,1439081.74,71.99133333333333,Friday
91.0,2012-06-08,1714955.3199999998,71.99133333333333,Friday
95.0,2012-06-08,3511273.29,71.99133333333333,Friday
8.0,2012-06-15,1364355.26,75.04644444444443,Friday
92.0,2012-06-15,3508427.03,75.04644444444443,Friday
38.0,2012-06-15,2636544.84,75.04644444444443,Friday
90.0,2012-06-15,2052788.1099999999,75.04644444444443,Friday
40.0,2012-06-15,2020702.47,75.04644444444443,Friday
2.0,2012-06-15,2012809.6700000002,75.04644444444443,Friday
72.0,2012-06-15,1757046.5699999998,74.14095238095237,Friday
91.0,2012-06-15,1598652.6199999999,75.04644444444443,Friday
95.0,2012-06-15,3473471.5700000003,75.04644444444443,Friday
8.0,2012-06-22,1327482.5699999998,77.76911111111112,Friday
38.0,2012-06-22,2606796.21,77.76911111111112,Friday
90.0,2012-06-22,1947787.17,77.76911111111112,Friday
92.0,2012-06-22,3219124.83,77.76911111111112,Friday
13.0,2012-06-22,1320373.1999999997,77.76911111111112,Friday
72.0,2012-06-22,1706866.42,76.98904761904762,Friday
91.0,2012-06-22,1458372.75,77.76911111111112,Friday
40.0,2012-06-22,1970137.7100000002,77.76911111111112,Friday
13.0,2012-06-29,1360284.1500000001,80.3531111111111,Friday
8.0,2012-06-29,1366030.99,80.3531111111111,Friday
92.0,2012-06-29,3209825.96,80.3531111111111,Friday
38.0,2012-06-29,2688622.24,80.3531111111111,Friday
2.0,2012-06-29,2030133.87,80.3531111111111,Friday
95.0,2012-06-29,3430442.53,80.3531111111111,Friday
40.0,2012-06-29,2003223.0000000002,80.3531111111111,Friday
90.0,2012-06-29,1937763.79,80.3531111111111,Friday
91.0,2012-06-29,1424157.8900000001,80.3531111111111,Friday
72.0,2012-06-29,1582537.38,79.51666666666667,Friday
8.0,2012-07-06,1417069.7100000002,80.05466666666666,Friday
2.0,2012-07-06,2116216.63,80.05466666666666,Friday
13.0,2012-07-06,1453193.2000000002,80.05466666666666,Friday
90.0,2012-07-06,2146743.58,80.05466666666666,Friday
92.0,2012-07-06,3718174.83,80.05466666666666,Friday
72.0,2012-07-06,1729025.88,79.59023255813953,Friday
95.0,2012-07-06,3816877.21,80.05466666666666,Friday
38.0,2012-07-06,2738080.3800000004,80.05466666666666,Friday
91.0,2012-07-06,1636697.4,80.05466666666666,Friday
40.0,2012-07-06,2048923.57,80.05466666666666,Friday
8.0,2012-07-13,1339914.4400000002,78.93866666666668,Friday
40.0,2012-07-13,1972018.73,78.93866666666668,Friday
95.0,2012-07-13,3369422.07,78.93866666666668,Friday
13.0,2012-07-13,1356708.85,78.93866666666668,Friday
38.0,2012-07-13,2795184.47,78.93866666666668,Friday
72.0,2012-07-13,1585119.2599999998,78.25452380952382,Friday
90.0,2012-07-13,2021624.01,78.93866666666668,Friday
91.0,2012-07-13,1583481.92,78.93866666666668,Friday
2.0,2012-07-13,2002513.34,78.93866666666668,Friday
8.0,2012-07-20,1344286.9,78.77644444444444,Friday
92.0,2012-07-20,3355136.34,78.77644444444444,Friday
2.0,2012-07-20,2023071.13,78.77644444444444,Friday
38.0,2012-07-20,2728844.38,78.77644444444444,Friday
40.0,2012-07-20,1993286.9000000001,78.77644444444444,Friday
90.0,2012-07-20,1990484.1599999997,78.77644444444444,Friday
72.0,2012-07-20,1618193.52,78.26761904761904,Friday
13.0,2012-07-20,1375985.3699999999,78.77644444444444,Friday
92.0,2012-07-27,3180575.83,79.84422222222221,Friday
95.0,2012-07-27,3205849.61,79.84422222222221,Friday
13.0,2012-07-27,1331878.6400000001,79.84422222222221,Friday
38.0,2012-07-27,2645343.56,79.84422222222221,Friday
72.0,2012-07-27,1616887.75,79.31095238095239,Friday
90.0,2012-07-27,1920995.89,79.84422222222221,Friday
2.0,2012-07-27,1956474.29,79.84422222222221,Friday
90.0,2012-08-03,2079494.02,80.33644444444442,Friday
92.0,2012-08-03,3549275.12,80.33644444444442,Friday
95.0,2012-08-03,3411164.17,80.33644444444442,Friday
13.0,2012-08-03,1469757.42,80.33644444444442,Friday
72.0,2012-08-03,1765062.96,79.82595238095237,Friday
38.0,2012-08-03,2805902.25,80.33644444444442,Friday
2.0,2012-08-03,2095041.31,80.33644444444442,Friday
91.0,2012-08-03,1562167.69,80.33644444444442,Friday
40.0,2012-08-03,2071343.14,80.33644444444442,Friday
8.0,2012-08-03,1429988.42,80.33644444444442,Friday
92.0,2012-08-10,3640675.55,81.58022222222222,Friday
95.0,2012-08-10,3476366.05,81.58022222222222,Friday
38.0,2012-08-10,2673662.6,81.58022222222222,Friday
90.0,2012-08-10,2084453.8199999998,81.58022222222222,Friday
13.0,2012-08-10,1445633.7000000002,81.58022222222222,Friday
91.0,2012-08-10,1618352.3199999998,81.58022222222222,Friday
40.0,2012-08-10,2030745.36,81.58022222222222,Friday
8.0,2012-08-10,1355065.25,81.58022222222222,Friday
2.0,2012-08-10,2068667.0999999999,81.58022222222222,Friday
72.0,2012-08-10,1721078.67,80.85357142857143,Friday
90.0,2012-08-17,2070743.53,79.43222222222222,Friday
92.0,2012-08-17,3514723.07,79.43222222222222,Friday
13.0,2012-08-17,1485107.29,79.43222222222222,Friday
40.0,2012-08-17,2069145.26,79.43222222222222,Friday
2.0,2012-08-17,2113176.6,79.43222222222222,Friday
8.0,2012-08-17,1340867.28,79.43222222222222,Friday
72.0,2012-08-17,1834522.77,78.64142857142856,Friday
95.0,2012-08-24,3222483.3299999996,74.59288888888888,Friday
38.0,2012-08-24,2616047.3099999996,74.59288888888888,Friday
90.0,2012-08-24,2004187.8199999998,74.59288888888888,Friday
13.0,2012-08-24,1495252.1600000001,74.59288888888888,Friday
8.0,2012-08-24,1337941.17,74.59288888888888,Friday
40.0,2012-08-24,2056524.22,74.59288888888888,Friday
91.0,2012-08-24,1445674.01,74.59288888888888,Friday
92.0,2012-08-24,3374945.23,74.59288888888888,Friday
2.0,2012-08-24,2130178.25,74.59288888888888,Friday
91.0,2012-08-31,1415292.58,77.79355555555557,Friday
38.0,2012-08-31,2728983.62,77.79355555555557,Friday
90.0,2012-08-31,2025645.2200000002,77.79355555555557,Friday
13.0,2012-08-31,1477203.88,77.79355555555557,Friday
8.0,2012-08-31,1379184.0899999999,77.79355555555557,Friday
72.0,2012-08-31,1811727.57,77.00952380952383,Friday
2.0,2012-08-31,2086129.2100000002,77.79355555555557,Friday
38.0,2012-09-07,2624917.0700000003,78.03866666666666,Friday
13.0,2012-09-07,1549379.81,78.03866666666666,Friday
95.0,2012-09-07,3504054.5999999996,78.03866666666666,Friday
40.0,2012-09-07,2148970.89,78.03866666666666,Friday
92.0,2012-09-07,3888167.0199999996,78.03866666666666,Friday
8.0,2012-09-07,1395911.22,78.03866666666666,Friday
90.0,2012-09-07,2245065.54,78.03866666666666,Friday
72.0,2012-09-07,1876003.4,77.4395238095238,Friday
2.0,2012-09-07,2076768.16,78.03866666666666,Friday
92.0,2012-09-14,3558737.24,70.23822222222222,Friday
8.0,2012-09-14,1357089.21,70.23822222222222,Friday
72.0,2012-09-14,1799019.17,69.54023809523808,Friday
40.0,2012-09-14,2056519.27,70.23822222222222,Friday
38.0,2012-09-14,2751215.46,70.23822222222222,Friday
90.0,2012-09-14,2078970.3200000003,70.23822222222222,Friday
2.0,2012-09-14,1896324.58,70.23822222222222,Friday
13.0,2012-09-14,1394992.51,70.23822222222222,Friday
40.0,2012-09-21,2071286.53,67.9248888888889,Friday
13.0,2012-09-21,1392126.65,67.9248888888889,Friday
90.0,2012-09-21,2044356.56,67.9248888888889,Friday
95.0,2012-09-21,3084955.0999999996,67.9248888888889,Friday
38.0,2012-09-21,2665724.51,67.9248888888889,Friday
2.0,2012-09-21,1891218.6400000004,67.9248888888889,Friday
91.0,2012-09-21,1463990.76,67.9248888888889,Friday
92.0,2012-09-21,3468142.12,67.9248888888889,Friday
8.0,2012-09-21,1355012.29,67.9248888888889,Friday
72.0,2012-09-21,2102117.85,67.30488372093023,Friday
90.0,2012-09-28,1996082.29,68.75444444444443,Friday
91.0,2012-09-28,1386313.9,68.75444444444443,Friday
13.0,2012-09-28,1366582.34,68.75444444444443,Friday
95.0,2012-09-28,2975247.21,68.75444444444443,Friday
38.0,2012-09-28,2679612.7800000003,68.75444444444443,Friday
40.0,2012-09-28,2041706.0,68.75444444444443,Friday
2.0,2012-09-28,1871196.1500000001,68.75444444444443,Friday
72.0,2012-09-28,2072002.0,67.75047619047618,Friday
92.0,2012-09-28,3332543.0699999994,68.75444444444443,Friday
8.0,2012-09-28,1353133.83,68.75444444444443,Friday
40.0,2012-10-05,2105399.88,65.97311111111111,Friday
13.0,2012-10-05,1491837.65,65.97311111111111,Friday
91.0,2012-10-05,1614757.5499999998,65.97311111111111,Friday
38.0,2012-10-05,2812368.3,65.97311111111111,Friday
92.0,2012-10-05,3879477.82,65.97311111111111,Friday
2.0,2012-10-05,1988021.8499999999,65.97311111111111,Friday
8.0,2012-10-05,1462807.0499999998,65.97311111111111,Friday
95.0,2012-10-05,3216723.39,65.97311111111111,Friday
13.0,2012-10-12,1384402.35,58.342666666666666,Friday
40.0,2012-10-12,2041674.76,58.342666666666666,Friday
91.0,2012-10-12,1572914.21,58.342666666666666,Friday
72.0,2012-10-12,1880611.77,57.43604651162791,Friday
92.0,2012-10-12,3798269.9800000004,58.342666666666666,Friday
95.0,2012-10-12,3078724.62,58.342666666666666,Friday
38.0,2012-10-12,2639847.8800000004,58.342666666666666,Friday
2.0,2012-10-12,1854886.4500000002,58.342666666666666,Friday
91.0,2012-10-19,1492627.75,60.70533333333333,Friday
38.0,2012-10-19,2648561.3200000003,60.70533333333333,Friday
72.0,2012-10-19,1785404.42,59.74809523809524,Friday
13.0,2012-10-19,1357757.18,60.70533333333333,Friday
90.0,2012-10-19,2106716.25,60.70533333333333,Friday
95.0,2012-10-19,3017913.92,60.70533333333333,Friday
92.0,2012-10-19,3570802.32,60.70533333333333,Friday
13.0,2012-10-26,1352299.51,61.051111111111105,Friday
2.0,2012-10-26,1871912.1500000001,61.051111111111105,Friday
95.0,2012-10-26,3002617.27,61.051111111111105,Friday
40.0,2012-10-26,2021902.0199999996,61.051111111111105,Friday
90.0,2012-10-26,2090093.94,61.051111111111105,Friday
38.0,2012-10-26,2610575.62,61.051111111111105,Friday
92.0,2012-10-26,3527936.6599999997,61.051111111111105,Friday
8.0,2012-10-26,1419593.31,61.051111111111105,Friday
72.0,2010-02-05,3372690.5500000003,32.68976190476191,Friday
13.0,2010-02-05,1522916.7700000003,34.037333333333336,Friday
2.0,2010-02-05,1997831.8899999997,34.037333333333336,Friday
95.0,2010-02-05,3170529.93,34.037333333333336,Friday
40.0,2010-02-05,2238389.82,34.037333333333336,Friday
8.0,2010-02-05,1527438.17,34.037333333333336,Friday
92.0,2010-02-05,3781162.8699999996,34.037333333333336,Friday
38.0,2010-02-05,3022955.05,34.037333333333336,Friday
72.0,2010-02-12,3102766.89,32.982619047619046,Friday
95.0,2010-02-12,2976149.3100000005,34.15133333333333,Friday
2.0,2010-02-12,1839217.7700000003,34.15133333333333,Friday
13.0,2010-02-12,1327494.6300000001,34.15133333333333,Friday
91.0,2010-02-12,1603013.1900000002,34.15133333333333,Friday
38.0,2010-02-12,2686547.5200000005,34.15133333333333,Friday
40.0,2010-02-12,2037203.29,34.15133333333333,Friday
2.0,2010-02-19,1961685.9299999997,37.71977777777777,Friday
13.0,2010-02-19,1412757.98,37.71977777777777,Friday
8.0,2010-02-19,1414318.21,37.71977777777777,Friday
95.0,2010-02-19,2814037.79,37.71977777777777,Friday
40.0,2010-02-19,2163829.95,37.71977777777777,Friday
38.0,2010-02-19,2712708.65,37.71977777777777,Friday
91.0,2010-02-19,1546117.67,37.71977777777777,Friday
92.0,2010-02-26,3204210.06,39.24355555555556,Friday
72.0,2010-02-26,2571982.43,38.23380952380952,Friday
90.0,2010-02-26,1935114.73,39.24355555555556,Friday
2.0,2010-02-26,1859531.58,39.24355555555556,Friday
13.0,2010-02-26,1382123.98,39.24355555555556,Friday
38.0,2010-02-26,2757264.39,39.24355555555556,Friday
95.0,2010-02-26,2789412.13,39.24355555555556,Friday
91.0,2010-02-26,1486244.19,39.24355555555556,Friday
40.0,2010-02-26,2084986.29,39.24355555555556,Friday
72.0,2010-03-05,2643457.82,42.020476190476195,Friday
13.0,2010-03-05,1488750.33,42.91733333333334,Friday
92.0,2010-03-05,3480725.21,42.91733333333334,Friday
95.0,2010-03-05,2994339.24,42.91733333333334,Friday
40.0,2010-03-05,2224907.26,42.91733333333334,Friday
91.0,2010-03-05,1607815.57,42.91733333333334,Friday
2.0,2010-03-05,1957870.8200000003,42.91733333333334,Friday
8.0,2010-03-05,1454252.0899999999,42.91733333333334,Friday
92.0,2010-03-12,3345276.5599999996,47.43244444444444,Friday
90.0,2010-03-12,1973978.44,47.43244444444444,Friday
38.0,2010-03-12,2929479.08,47.43244444444444,Friday
13.0,2010-03-12,1404792.9800000002,47.43244444444444,Friday
72.0,2010-03-12,2268713.3899999997,46.775238095238095,Friday
2.0,2010-03-12,1908498.17,47.43244444444444,Friday
95.0,2010-03-12,2992259.26,47.43244444444444,Friday
40.0,2010-03-12,2111864.88,47.43244444444444,Friday
91.0,2010-03-12,1576412.54,47.43244444444444,Friday
8.0,2010-03-12,1379196.69,47.43244444444444,Friday
90.0,2010-03-19,1900357.12,49.95422222222222,Friday
92.0,2010-03-19,3102759.5300000003,49.95422222222222,Friday
2.0,2010-03-19,1848039.78,49.95422222222222,Friday
38.0,2010-03-19,2630196.76,49.95422222222222,Friday
8.0,2010-03-19,1338430.68,49.95422222222222,Friday
40.0,2010-03-19,2027010.77,49.95422222222222,Friday
72.0,2010-03-19,1976238.3699999999,49.10285714285715,Friday
91.0,2010-03-19,1487593.81,49.95422222222222,Friday
95.0,2010-03-19,3003945.31,49.95422222222222,Friday
2.0,2010-03-26,1826143.3,48.473555555555556,Friday
8.0,2010-03-26,1326997.8399999999,48.473555555555556,Friday
92.0,2010-03-26,2976519.3899999997,48.473555555555556,Friday
13.0,2010-03-26,1324087.2500000002,48.473555555555556,Friday
90.0,2010-03-26,1850435.67,48.473555555555556,Friday
72.0,2010-03-26,1820919.13,47.65261904761904,Friday
95.0,2010-03-26,2875842.56,48.473555555555556,Friday
40.0,2010-03-26,2017004.5299999998,48.473555555555556,Friday
91.0,2010-03-26,1396431.77,48.473555555555556,Friday
72.0,2010-04-02,1886308.45,52.29904761904762,Friday
38.0,2010-04-02,2818801.67,53.12088888888888,Friday
90.0,2010-04-02,2049993.2600000002,53.12088888888888,Friday
13.0,2010-04-02,1417911.02,53.12088888888888,Friday
91.0,2010-04-02,1493075.1099999999,53.12088888888888,Friday
95.0,2010-04-02,3068370.13,53.12088888888888,Friday
40.0,2010-04-02,2066720.5,53.12088888888888,Friday
90.0,2010-04-09,1901908.4200000002,58.42066666666666,Friday
8.0,2010-04-09,1314310.4200000002,58.42066666666666,Friday
72.0,2010-04-09,1796455.2699999998,57.777857142857144,Friday
38.0,2010-04-09,2820286.76,58.42066666666666,Friday
13.0,2010-04-09,1362721.4300000002,58.42066666666666,Friday
91.0,2010-04-09,1487678.0,58.42066666666666,Friday
40.0,2010-04-09,2008998.0299999998,58.42066666666666,Friday
95.0,2010-04-09,3040233.5,58.42066666666666,Friday
2.0,2010-04-09,1903127.59,58.42066666666666,Friday
8.0,2010-04-16,1346831.3699999999,58.021111111111104,Friday
92.0,2010-04-16,3129901.3,58.021111111111104,Friday
38.0,2010-04-16,2751853.0900000003,58.021111111111104,Friday
13.0,2010-04-16,1440873.3499999999,58.021111111111104,Friday
72.0,2010-04-16,1795511.1199999999,57.19119047619048,Friday
2.0,2010-04-16,1960979.2000000002,58.021111111111104,Friday
95.0,2010-04-16,3257880.49,58.021111111111104,Friday
38.0,2010-04-23,2630925.1,57.08955555555555,Friday
72.0,2010-04-23,1795865.8800000004,56.26166666666666,Friday
90.0,2010-04-23,1829736.67,57.08955555555555,Friday
95.0,2010-04-23,3154878.3600000003,57.08955555555555,Friday
8.0,2010-04-23,1355240.69,57.08955555555555,Friday
92.0,2010-04-23,3018434.74,57.08955555555555,Friday
40.0,2010-04-23,2056127.56,57.08955555555555,Friday
91.0,2010-04-23,1461212.8299999998,57.08955555555555,Friday
2.0,2010-04-23,1949495.18,57.08955555555555,Friday
13.0,2010-04-23,1425313.6300000001,57.08955555555555,Friday
38.0,2010-04-30,2771378.48,57.85466666666667,Friday
8.0,2010-04-30,1347402.53,57.85466666666667,Friday
91.0,2010-04-30,1390192.04,57.85466666666667,Friday
90.0,2010-04-30,1782058.0,57.85466666666667,Friday
95.0,2010-04-30,3078708.39,57.85466666666667,Friday
13.0,2010-04-30,1378498.55,57.85466666666667,Friday
2.0,2010-04-30,1888891.0399999998,57.85466666666667,Friday
92.0,2010-05-07,3372265.71,64.12511111111111,Friday
38.0,2010-05-07,2900280.56,64.12511111111111,Friday
91.0,2010-05-07,1622771.4500000002,64.12511111111111,Friday
40.0,2010-05-07,2046845.0599999996,64.12511111111111,Friday
72.0,2010-05-07,1738629.3699999996,63.41928571428572,Friday
90.0,2010-05-07,1973270.7000000002,64.12511111111111,Friday
8.0,2010-05-07,1384003.52,64.12511111111111,Friday
13.0,2010-05-07,1444549.1300000001,64.12511111111111,Friday
95.0,2010-05-07,3434331.01,64.12511111111111,Friday
2.0,2010-05-07,1961636.98,64.12511111111111,Friday
92.0,2010-05-14,3077689.6900000004,60.60955555555555,Friday
91.0,2010-05-14,1501562.1400000001,60.60955555555555,Friday
40.0,2010-05-14,1939325.9000000001,60.60955555555555,Friday
38.0,2010-05-14,2703150.5199999996,60.60955555555555,Friday
72.0,2010-05-14,1779914.8800000001,59.50523809523809,Friday
90.0,2010-05-14,1839843.43,60.60955555555555,Friday
95.0,2010-05-14,3172949.62,60.60955555555555,Friday
2.0,2010-05-14,1859488.52,60.60955555555555,Friday
40.0,2010-05-21,1973683.1300000001,66.26266666666668,Friday
8.0,2010-05-21,1338354.6099999999,66.26266666666668,Friday
91.0,2010-05-21,1470985.49,66.26266666666668,Friday
90.0,2010-05-21,1831637.0,66.26266666666668,Friday
92.0,2010-05-21,3042953.1,66.26266666666668,Friday
13.0,2010-05-21,1383652.31,66.26266666666668,Friday
91.0,2010-05-28,1389439.12,70.46022222222223,Friday
8.0,2010-05-28,1353399.1500000001,70.46022222222223,Friday
92.0,2010-05-28,2975270.14,70.46022222222223,Friday
40.0,2010-05-28,2003211.9700000002,70.46022222222223,Friday
95.0,2010-05-28,3525218.2800000003,70.46022222222223,Friday
90.0,2010-05-28,1834385.0100000002,70.46022222222223,Friday
72.0,2010-05-28,1602818.5899999999,69.66121951219512,Friday
2.0,2010-05-28,1979840.8,70.46022222222223,Friday
13.0,2010-05-28,1392704.64,70.46022222222223,Friday
8.0,2010-06-04,1367584.72,73.41088888888889,Friday
40.0,2010-06-04,2021891.6199999999,73.41088888888889,Friday
95.0,2010-06-04,3657150.6999999997,73.41088888888889,Friday
72.0,2010-06-04,1735485.29,72.48585365853658,Friday
13.0,2010-06-04,1484230.97,73.41088888888889,Friday
38.0,2010-06-04,2513111.5400000005,73.41088888888889,Friday
2.0,2010-06-04,2014908.3,73.41088888888889,Friday
8.0,2010-06-11,1342078.73,74.53777777777778,Friday
91.0,2010-06-11,1627941.63,74.53777777777778,Friday
92.0,2010-06-11,3274477.4600000004,74.53777777777778,Friday
40.0,2010-06-11,1990656.5499999998,74.53777777777778,Friday
72.0,2010-06-11,1719120.7399999998,73.1851219512195,Friday
90.0,2010-06-11,1942452.83,74.53777777777778,Friday
38.0,2010-06-11,2659698.31,74.53777777777778,Friday
2.0,2010-06-11,2017306.6199999996,74.53777777777778,Friday
95.0,2010-06-18,3489470.1399999997,73.56933333333335,Friday
40.0,2010-06-18,1952819.68,73.56933333333335,Friday
91.0,2010-06-18,1556008.29,73.56933333333335,Friday
92.0,2010-06-18,3156757.13,73.56933333333335,Friday
72.0,2010-06-18,1896443.4300000002,72.73976190476192,Friday
90.0,2010-06-18,1909803.77,73.56933333333335,Friday
38.0,2010-06-18,2639517.5500000003,73.56933333333335,Friday
13.0,2010-06-18,1412281.6800000002,73.56933333333335,Friday
2.0,2010-06-18,2026116.5499999996,73.56933333333335,Friday
72.0,2010-06-25,1813531.3200000003,78.03214285714284,Friday
92.0,2010-06-25,2848190.9299999997,78.7882222222222,Friday
38.0,2010-06-25,2592592.3499999996,78.7882222222222,Friday
8.0,2010-06-25,1288956.8299999998,78.7882222222222,Friday
40.0,2010-06-25,1912704.16,78.7882222222222,Friday
2.0,2010-06-25,1967652.4100000004,78.7882222222222,Friday
13.0,2010-06-25,1354113.16,78.7882222222222,Friday
95.0,2010-07-02,3691101.3900000006,77.13333333333334,Friday
90.0,2010-07-02,1949441.6599999997,77.13333333333334,Friday
92.0,2010-07-02,3175442.73,77.13333333333334,Friday
91.0,2010-07-02,1486411.99,77.13333333333334,Friday
13.0,2010-07-02,1481459.36,77.13333333333334,Friday
40.0,2010-07-02,2033284.27,77.13333333333334,Friday
2.0,2010-07-02,2089116.7800000003,77.13333333333334,Friday
95.0,2010-07-09,3552124.99,78.91244444444443,Friday
91.0,2010-07-09,1539664.4899999998,78.91244444444443,Friday
2.0,2010-07-09,2010639.27,78.91244444444443,Friday
13.0,2010-07-09,1417512.9100000001,78.91244444444443,Friday
92.0,2010-07-09,3182434.8000000003,78.91244444444443,Friday
38.0,2010-07-09,2537129.34,78.91244444444443,Friday
72.0,2010-07-09,1706874.8499999999,78.56488372093023,Friday
8.0,2010-07-16,1314125.9200000002,80.40844444444444,Friday
95.0,2010-07-16,3334475.62,80.40844444444444,Friday
91.0,2010-07-16,1544845.62,80.40844444444444,Friday
2.0,2010-07-16,2075141.24,80.40844444444444,Friday
40.0,2010-07-16,1972843.77,80.40844444444444,Friday
13.0,2010-07-16,1459710.37,80.40844444444444,Friday
38.0,2010-07-16,2638804.8200000003,80.40844444444444,Friday
91.0,2010-07-30,1372450.9,79.1522222222222,Friday
8.0,2010-07-30,1322953.6900000002,79.1522222222222,Friday
95.0,2010-07-30,3166773.7399999998,79.1522222222222,Friday
92.0,2010-07-30,2836367.6000000006,79.1522222222222,Friday
13.0,2010-07-30,1402854.9400000002,79.1522222222222,Friday
72.0,2010-07-30,1948298.7399999998,78.6245238095238,Friday
91.0,2010-08-06,1607342.62,79.99555555555555,Friday
8.0,2010-08-06,1368327.62,79.99555555555555,Friday
40.0,2010-08-06,1974635.6500000001,79.99555555555555,Friday
95.0,2010-08-06,3487806.03,79.99555555555555,Friday
92.0,2010-04-09,3165111.0999999996,58.42066666666666,Friday
38.0,2010-08-06,2754226.07,79.99555555555555,Friday
13.0,2010-08-06,1482528.68,79.99555555555555,Friday
90.0,2010-08-06,1995126.97,79.99555555555555,Friday
2.0,2010-08-06,2120901.4699999997,79.99555555555555,Friday
72.0,2010-08-06,1931718.08,79.42071428571428,Friday
92.0,2010-08-06,3357270.6900000004,79.99555555555555,Friday
91.0,2010-08-13,1537173.46,79.48244444444444,Friday
38.0,2010-08-13,2584814.92,79.48244444444444,Friday
95.0,2010-08-13,3387101.2,79.48244444444444,Friday
2.0,2010-08-13,2082299.85,79.48244444444444,Friday
72.0,2010-08-13,1884355.0500000003,78.73119047619048,Friday
8.0,2010-08-20,1286773.74,79.46355555555557,Friday
95.0,2010-08-20,3298196.1299999994,79.46355555555557,Friday
91.0,2010-08-20,1472592.02,79.46355555555557,Friday
40.0,2010-08-20,1948963.5999999999,79.46355555555557,Friday
72.0,2010-08-20,2152192.44,78.6661904761905,Friday
2.0,2010-08-20,2150558.54,79.46355555555557,Friday
91.0,2010-08-27,1380271.4400000002,76.73733333333334,Friday
38.0,2010-08-27,2565789.98,76.73733333333334,Friday
92.0,2010-08-27,2999713.4600000004,76.73733333333334,Friday
13.0,2010-08-27,1499807.23,76.73733333333334,Friday
2.0,2010-08-27,2124944.95,76.73733333333334,Friday
72.0,2010-08-27,2004339.74,75.94214285714285,Friday
8.0,2010-09-03,1365197.94,76.44222222222223,Friday
90.0,2010-09-03,2000010.6800000002,76.44222222222223,Friday
91.0,2010-09-03,1509448.51,76.44222222222223,Friday
40.0,2010-09-03,2043436.5300000003,76.44222222222223,Friday
95.0,2010-09-03,3398281.8199999994,76.44222222222223,Friday
38.0,2010-09-03,2761097.2800000003,76.44222222222223,Friday
72.0,2010-09-03,2068354.85,76.13511627906978,Friday
92.0,2010-09-03,3294623.6199999996,76.44222222222223,Friday
13.0,2010-09-03,1578263.1199999999,76.44222222222223,Friday
8.0,2010-09-10,1322099.72,72.44977777777778,Friday
91.0,2010-09-10,1555012.9200000004,72.44977777777778,Friday
95.0,2010-09-10,3252360.73,72.44977777777778,Friday
90.0,2010-09-10,2034849.0500000003,72.44977777777778,Friday
72.0,2010-09-10,1950600.39,71.99116279069769,Friday
92.0,2010-09-10,3406660.55,72.44977777777778,Friday
2.0,2010-09-10,1991188.8800000001,72.44977777777778,Friday
38.0,2010-09-17,2670667.4800000004,71.23377777777776,Friday
91.0,2010-09-17,1497875.19,71.23377777777776,Friday
40.0,2010-09-17,1969406.5500000003,71.23377777777776,Friday
95.0,2010-09-17,3060038.48,71.23377777777776,Friday
92.0,2010-09-17,3150518.96,71.23377777777776,Friday
2.0,2010-09-17,1895427.15,71.23377777777776,Friday
91.0,2010-09-24,1385932.21,71.07955555555556,Friday
8.0,2010-09-24,1292777.95,71.07955555555556,Friday
90.0,2010-09-24,1823956.0099999998,71.07955555555556,Friday
38.0,2010-09-24,2629262.25,71.07955555555556,Friday
13.0,2010-09-24,1404852.3900000001,71.07955555555556,Friday
40.0,2010-09-24,1952335.28,71.07955555555556,Friday
72.0,2010-09-24,1641309.68,70.05904761904763,Friday
91.0,2010-10-01,1390115.43,69.868,Friday
95.0,2010-10-01,2924164.3499999996,69.868,Friday
38.0,2010-10-01,2757997.3499999996,69.868,Friday
40.0,2010-10-01,1963257.27,69.868,Friday
13.0,2010-10-01,1429491.62,69.868,Friday
90.0,2010-10-08,1997690.8000000003,61.733999999999995,Friday
8.0,2010-10-08,1388995.9900000002,61.733999999999995,Friday
38.0,2010-10-08,2736790.6399999997,61.733999999999995,Friday
2.0,2010-10-08,1922452.75,61.733999999999995,Friday
95.0,2010-10-08,3107008.6900000004,61.733999999999995,Friday
92.0,2010-10-08,3451502.58,61.733999999999995,Friday
72.0,2010-10-08,1677913.62,61.22488372093024,Friday
91.0,2010-10-15,1502078.8000000003,60.890888888888895,Friday
8.0,2010-10-15,1312057.34,60.890888888888895,Friday
13.0,2010-10-15,1373653.54,60.890888888888895,Friday
90.0,2010-10-22,1862982.58,59.13088888888888,Friday
8.0,2010-10-22,1340445.76,59.13088888888888,Friday
72.0,2010-10-22,1652782.89,58.47558139534883,Friday
40.0,2010-10-22,1967329.5000000002,59.13088888888888,Friday
8.0,2010-10-29,1338872.33,59.18577777777778,Friday
91.0,2010-10-29,1327794.29,59.18577777777778,Friday
2.0,2010-10-29,1817791.9400000002,59.18577777777778,Friday
40.0,2010-10-29,1926810.1800000002,59.18577777777778,Friday
95.0,2010-10-29,2811301.6999999997,59.18577777777778,Friday
13.0,2010-10-29,1354273.92,59.18577777777778,Friday
90.0,2010-11-05,1992591.94,52.68288888888889,Friday
8.0,2010-11-05,1424399.29,52.68288888888889,Friday
2.0,2010-11-05,1870613.54,52.68288888888889,Friday
40.0,2010-11-05,2043328.12,52.68288888888889,Friday
72.0,2010-11-05,1749651.9599999997,51.49380952380952,Friday
95.0,2010-11-05,2852690.03,52.68288888888889,Friday
13.0,2010-11-05,1444614.42,52.68288888888889,Friday
90.0,2010-11-12,2027821.04,50.39977777777777,Friday
95.0,2010-11-12,2855275.69,50.39977777777777,Friday
40.0,2010-11-12,2000888.8199999998,50.39977777777777,Friday
2.0,2010-11-12,1827782.3199999998,50.39977777777777,Friday
95.0,2010-11-19,2766434.4599999995,48.14244444444444,Friday
92.0,2010-11-19,3665570.090000001,48.14244444444444,Friday
40.0,2010-11-19,1957489.6700000002,48.14244444444444,Friday
13.0,2010-11-19,1348235.3,48.14244444444444,Friday
2.0,2010-11-19,1804648.0299999998,48.14244444444444,Friday
8.0,2010-11-19,1370829.77,48.14244444444444,Friday
72.0,2010-11-26,10533640.92,47.02619047619048,Friday
38.0,2010-11-26,2156462.36,47.88955555555556,Friday
90.0,2010-11-26,2217952.66,47.88955555555556,Friday
95.0,2010-11-26,2807242.86,47.88955555555556,Friday
91.0,2010-11-26,1357937.48,47.88955555555556,Friday
92.0,2010-11-26,3982965.0799999996,47.88955555555556,Friday
2.0,2010-11-26,1844297.0,47.88955555555556,Friday
8.0,2010-11-26,1330334.5699999998,47.88955555555556,Friday
38.0,2010-12-03,3006516.4499999997,41.590888888888884,Friday
72.0,2010-12-03,2931078.9,40.78952380952381,Friday
8.0,2010-12-03,1384436.0999999999,41.590888888888884,Friday
13.0,2010-12-03,1310774.82,41.590888888888884,Friday
91.0,2010-12-03,1353289.1,41.590888888888884,Friday
2.0,2010-12-03,1853046.3800000001,41.590888888888884,Friday
92.0,2010-12-10,3727640.3599999994,39.16511111111111,Friday
90.0,2010-12-10,2099628.1300000004,39.16511111111111,Friday
38.0,2010-12-10,2800808.56,39.16511111111111,Friday
72.0,2010-12-10,2757243.3499999996,37.84214285714286,Friday
13.0,2010-12-10,1288758.5799999998,39.16511111111111,Friday
40.0,2010-12-10,2038851.7599999995,39.16511111111111,Friday
8.0,2010-12-10,1448045.71,39.16511111111111,Friday
72.0,2010-12-17,3892696.4,39.0197619047619,Friday
95.0,2010-12-17,2909748.13,40.35177777777778,Friday
91.0,2010-12-17,1460340.9900000002,40.35177777777778,Friday
92.0,2010-12-24,4203774.33,41.17733333333334,Friday
72.0,2010-12-24,6020196.029999999,39.914047619047615,Friday
90.0,2010-12-24,2605302.44,41.17733333333334,Friday
13.0,2010-12-24,1313690.0100000002,41.17733333333334,Friday
91.0,2010-12-24,1514601.65,41.17733333333334,Friday
2.0,2010-12-24,2657428.05,41.17733333333334,Friday
8.0,2010-12-24,1773763.6400000001,41.17733333333334,Friday
38.0,2010-12-24,2482261.8600000003,41.17733333333334,Friday
92.0,2010-12-31,2624151.6199999996,36.782666666666664,Friday
13.0,2010-12-31,1188854.37,36.782666666666664,Friday
90.0,2010-12-31,1743436.35,36.782666666666664,Friday
38.0,2010-12-31,2454954.8499999996,36.782666666666664,Friday
95.0,2010-12-31,2484164.7800000003,36.782666666666664,Friday
8.0,2010-12-31,1186153.91,36.782666666666664,Friday
91.0,2010-12-31,1215826.96,36.782666666666664,Friday
2.0,2010-12-31,1545570.5,36.782666666666664,Friday
13.0,2011-01-07,1398554.61,35.272666666666666,Friday
92.0,2011-01-07,3536572.41,35.272666666666666,Friday
90.0,2011-01-07,2042736.51,35.272666666666666,Friday
2.0,2011-01-07,1799906.2900000003,35.272666666666666,Friday
38.0,2011-01-07,3219845.43,35.272666666666666,Friday
40.0,2011-01-07,2147509.37,35.272666666666666,Friday
8.0,2011-01-07,1322007.86,35.272666666666666,Friday
91.0,2011-01-07,1647214.24,35.272666666666666,Friday
92.0,2011-01-14,3443153.88,30.68955555555556,Friday
90.0,2011-01-14,2053458.9000000001,30.68955555555556,Friday
72.0,2011-01-14,1701575.8199999998,30.16818181818182,Friday
91.0,2011-01-14,1618109.25,30.68955555555556,Friday
38.0,2011-01-14,2836653.3600000003,30.68955555555556,Friday
8.0,2011-01-14,1295871.11,30.68955555555556,Friday
2.0,2011-01-21,1773920.5699999998,37.522222222222226,Friday
13.0,2011-01-21,1327652.95,37.522222222222226,Friday
72.0,2011-01-21,1809924.0100000002,36.69441860465117,Friday
92.0,2011-01-21,3271934.35,37.522222222222226,Friday
95.0,2011-01-21,2864509.86,37.522222222222226,Friday
91.0,2011-01-21,1558120.3299999998,37.522222222222226,Friday
40.0,2011-01-21,2034114.4,37.522222222222226,Friday
90.0,2011-01-28,1900881.46,34.06444444444445,Friday
92.0,2011-01-28,3044345.8700000006,34.06444444444445,Friday
72.0,2011-01-28,1967208.1300000004,33.19860465116279,Friday
2.0,2011-01-28,1682712.98,34.06444444444445,Friday
13.0,2011-01-28,1230893.77,34.06444444444445,Friday
95.0,2011-01-28,2743236.21,34.06444444444445,Friday
38.0,2011-01-28,2742795.47,34.06444444444445,Friday
92.0,2011-02-04,3672861.96,30.48088888888889,Friday
72.0,2011-02-04,2702467.39,29.667441860465118,Friday
13.0,2011-02-04,1348149.52,30.48088888888889,Friday
2.0,2011-02-04,1853050.8800000001,30.48088888888889,Friday
40.0,2011-02-04,2086969.4500000002,30.48088888888889,Friday
38.0,2011-02-04,2799323.71,30.48088888888889,Friday
90.0,2011-02-11,2077707.91,32.15911111111111,Friday
92.0,2011-02-11,3538141.62,32.15911111111111,Friday
95.0,2011-02-11,3079634.6799999997,32.15911111111111,Friday
8.0,2011-02-11,1355507.0699999998,32.15911111111111,Friday
2.0,2011-02-11,1904078.62,32.15911111111111,Friday
91.0,2011-02-11,1678446.04,32.15911111111111,Friday
8.0,2011-02-18,1369308.75,45.88377777777778,Friday
91.0,2011-02-18,1546712.94,45.88377777777778,Friday
72.0,2011-02-18,2892310.13,45.23860465116279,Friday
92.0,2011-02-18,3258997.88,45.88377777777778,Friday
13.0,2011-02-18,1396695.6800000002,45.88377777777778,Friday
95.0,2011-02-18,2890866.2700000005,45.88377777777778,Friday
38.0,2011-02-18,2835776.33,45.88377777777778,Friday
40.0,2011-02-18,2156738.5199999996,45.88377777777778,Friday
90.0,2011-02-18,1991469.52,45.88377777777778,Friday
2.0,2011-02-18,1995935.4599999997,45.88377777777778,Friday
91.0,2011-02-25,1493914.5999999996,43.15533333333333,Friday
8.0,2011-02-25,1318392.5000000002,43.15533333333333,Friday
13.0,2011-02-25,1412626.23,43.15533333333333,Friday
40.0,2011-02-25,2078314.72,43.15533333333333,Friday
92.0,2011-02-25,3130285.0700000003,43.15533333333333,Friday
38.0,2011-02-25,2766755.78,43.15533333333333,Friday
72.0,2011-02-25,2591260.96,42.310930232558135,Friday
2.0,2011-02-25,1924869.43,43.15533333333333,Friday
8.0,2011-03-04,1405156.67,44.775333333333336,Friday
40.0,2011-03-04,2188200.89,44.775333333333336,Friday
92.0,2011-03-04,3432805.9,44.775333333333336,Friday
72.0,2011-03-04,2633098.1300000004,43.66357142857143,Friday
38.0,2011-03-04,3022327.0799999996,44.775333333333336,Friday
90.0,2011-03-04,2065558.8,44.775333333333336,Friday
2.0,2011-03-04,2044729.77,44.775333333333336,Friday
91.0,2010-11-05,1519244.64,52.68288888888889,Friday
8.0,2011-03-11,1304685.2800000003,47.099555555555554,Friday
91.0,2011-03-11,1619642.06,47.099555555555554,Friday
38.0,2011-03-11,2854718.1500000004,47.099555555555554,Friday
2.0,2011-03-11,1903723.58,47.099555555555554,Friday
13.0,2011-03-11,1351094.2899999998,47.099555555555554,Friday
8.0,2011-03-18,1315121.4000000001,52.97644444444443,Friday
72.0,2011-03-18,1984052.3,52.239999999999995,Friday
95.0,2011-03-18,3055298.76,52.97644444444443,Friday
13.0,2011-03-18,1359488.11,52.97644444444443,Friday
2.0,2011-03-18,1908655.15,52.97644444444443,Friday
90.0,2011-03-25,1915915.3199999998,51.60866666666665,Friday
72.0,2011-03-25,1855468.96,50.605952380952374,Friday
13.0,2011-03-25,1316044.94,51.60866666666665,Friday
72.0,2011-04-01,1799803.8299999998,47.77720930232558,Friday
8.0,2011-04-01,1320036.8900000001,48.73644444444445,Friday
90.0,2011-04-01,1937032.72,48.73644444444445,Friday
92.0,2011-04-01,3083409.37,48.73644444444445,Friday
95.0,2011-04-01,2883790.44,48.73644444444445,Friday
8.0,2011-04-08,1336494.29,55.62733333333333,Friday
40.0,2011-04-08,2042282.3699999999,55.62733333333333,Friday
91.0,2011-04-08,1657938.57,55.62733333333333,Friday
92.0,2011-04-08,3458597.39,55.62733333333333,Friday
38.0,2011-04-08,2862015.73,55.62733333333333,Friday
2.0,2011-04-08,1939021.84,55.62733333333333,Friday
13.0,2011-04-08,1366392.27,55.62733333333333,Friday
8.0,2011-04-15,1298737.77,56.953333333333326,Friday
13.0,2011-04-15,1304994.9200000002,56.953333333333326,Friday
72.0,2011-04-15,1809401.93,56.28476190476191,Friday
95.0,2011-04-15,3039989.2199999997,56.953333333333326,Friday
92.0,2011-04-15,3229946.2100000004,56.953333333333326,Friday
38.0,2011-04-15,2735846.28,56.953333333333326,Friday
40.0,2011-04-15,1956504.2899999998,56.953333333333326,Friday
90.0,2011-04-15,1994317.5899999999,56.953333333333326,Friday
91.0,2011-04-22,1514943.9699999997,59.20533333333333,Friday
2.0,2011-04-22,1973286.3500000003,59.20533333333333,Friday
95.0,2011-04-22,3060862.39,59.20533333333333,Friday
72.0,2011-04-22,1832563.96,58.376976744186045,Friday
13.0,2011-04-22,1332730.94,59.20533333333333,Friday
90.0,2011-04-22,2122778.49,59.20533333333333,Friday
92.0,2011-04-29,2790205.04,62.13977777777779,Friday
40.0,2011-04-29,1861616.06,62.13977777777779,Friday
8.0,2011-04-29,1248815.2299999997,62.13977777777779,Friday
13.0,2011-04-29,1237086.9800000002,62.13977777777779,Friday
72.0,2011-04-29,1659803.7699999998,61.175476190476196,Friday
2.0,2011-04-29,1810197.72,62.13977777777779,Friday
90.0,2011-04-29,1858260.3399999999,62.13977777777779,Friday
38.0,2011-04-29,2668837.66,62.13977777777779,Friday
8.0,2011-05-06,1385109.95,58.175111111111114,Friday
92.0,2011-05-06,3392286.6599999997,58.175111111111114,Friday
40.0,2011-05-06,2047752.6700000002,58.175111111111114,Friday
38.0,2011-05-06,2954401.6400000006,58.175111111111114,Friday
72.0,2011-05-06,1748952.4600000002,57.067619047619054,Friday
8.0,2011-05-13,1281818.3900000001,65.01066666666665,Friday
95.0,2011-05-13,3144828.97,65.01066666666665,Friday
91.0,2011-05-13,1495469.54,65.01066666666665,Friday
2.0,2011-05-13,1833291.86,65.01066666666665,Friday
90.0,2011-05-13,1949314.4500000002,65.01066666666665,Friday
13.0,2011-05-20,1333835.12,62.41555555555555,Friday
91.0,2011-05-20,1496186.98,62.41555555555555,Friday
38.0,2011-05-20,2755940.68,62.41555555555555,Friday
8.0,2011-05-20,1339688.26,62.41555555555555,Friday
72.0,2011-05-20,1605181.9500000002,61.59499999999999,Friday
2.0,2011-05-20,1901289.72,62.41555555555555,Friday
90.0,2011-05-20,1957835.3400000003,62.41555555555555,Friday
92.0,2011-05-20,3136141.8899999997,62.41555555555555,Friday
8.0,2011-05-27,1349079.3000000003,69.53222222222222,Friday
2.0,2011-05-27,1903197.61,69.53222222222222,Friday
40.0,2011-05-27,1904105.29,69.53222222222222,Friday
91.0,2011-05-27,1367611.79,69.53222222222222,Friday
90.0,2011-05-27,1913094.8699999996,69.53222222222222,Friday
38.0,2011-06-03,2637814.13,73.37422222222222,Friday
40.0,2011-06-03,1944335.45,73.37422222222222,Friday
91.0,2011-06-03,1467341.5,73.37422222222222,Friday
95.0,2011-06-03,3416366.22,73.37422222222222,Friday
2.0,2011-06-03,1995935.92,73.37422222222222,Friday
40.0,2011-06-10,1955637.8900000001,74.80177777777779,Friday
90.0,2011-06-10,2025549.5900000003,74.80177777777779,Friday
91.0,2011-06-10,1618636.6199999999,74.80177777777779,Friday
8.0,2011-06-10,1342549.2100000002,74.80177777777779,Friday
13.0,2011-06-10,1331832.02,74.80177777777779,Friday
95.0,2011-06-10,3491710.12,74.80177777777779,Friday
40.0,2011-06-17,1937126.3800000001,74.87511111111111,Friday
90.0,2011-06-17,2009204.75,74.87511111111111,Friday
13.0,2011-06-17,1323248.58,74.87511111111111,Friday
92.0,2011-06-17,3207409.3600000003,74.87511111111111,Friday
95.0,2011-06-17,3452812.3200000003,74.87511111111111,Friday
2.0,2011-06-17,1984413.22,74.87511111111111,Friday
40.0,2011-06-24,1877239.08,76.2442222222222,Friday
90.0,2011-06-24,1909655.2000000002,76.2442222222222,Friday
13.0,2011-06-24,1288021.85,76.2442222222222,Friday
91.0,2011-07-01,1457801.8199999998,78.75911111111111,Friday
2.0,2011-07-01,2025082.02,78.75911111111111,Friday
92.0,2011-07-01,3169679.3400000003,78.75911111111111,Friday
38.0,2011-07-01,2799811.21,78.75911111111111,Friday
90.0,2011-07-01,2009145.72,78.75911111111111,Friday
95.0,2011-07-01,3490542.57,78.75911111111111,Friday
92.0,2011-07-08,3368886.3600000003,79.95422222222221,Friday
72.0,2011-07-08,1652615.8900000001,79.24333333333331,Friday
90.0,2011-07-08,2061990.6400000001,79.95422222222221,Friday
91.0,2011-07-08,1575768.89,79.95422222222221,Friday
2.0,2011-07-08,2011695.44,79.95422222222221,Friday
95.0,2011-07-08,3580339.8899999997,79.95422222222221,Friday
38.0,2011-07-15,2734441.7800000003,79.96711111111112,Friday
72.0,2011-07-15,1576981.42,79.38214285714287,Friday
90.0,2011-07-15,2019037.23,79.96711111111112,Friday
40.0,2011-07-15,1894941.8499999999,79.96711111111112,Friday
91.0,2011-07-15,1558581.48,79.96711111111112,Friday
13.0,2011-07-15,1357140.5100000002,79.96711111111112,Friday
92.0,2011-07-22,3049986.88,82.17644444444444,Friday
2.0,2011-07-22,2020007.6700000004,82.17644444444444,Friday
90.0,2011-07-22,1965143.5499999998,82.17644444444444,Friday
38.0,2011-07-22,2588606.11,82.17644444444444,Friday
13.0,2011-07-22,1362110.4600000002,82.17644444444444,Friday
8.0,2011-07-22,1305363.0800000003,82.17644444444444,Friday
95.0,2011-07-22,3378955.4299999997,82.17644444444444,Friday
40.0,2011-07-22,1866638.96,82.17644444444444,Friday
92.0,2011-07-29,2963044.8899999997,81.208,Friday
72.0,2011-07-29,1656796.25,80.65095238095238,Friday
38.0,2011-07-29,2631124.89,81.208,Friday
90.0,2011-07-29,1908539.1200000006,81.208,Friday
2.0,2011-07-29,1978010.96,81.208,Friday
95.0,2011-07-29,3204515.8,81.208,Friday
92.0,2011-08-05,3475954.9,81.36666666666666,Friday
90.0,2011-08-05,2130231.13,81.36666666666666,Friday
13.0,2011-08-05,1468287.19,81.36666666666666,Friday
95.0,2011-08-05,3489024.0599999996,81.36666666666666,Friday
40.0,2011-08-12,1900644.1999999997,80.46,Friday
8.0,2011-08-12,1290362.54,80.46,Friday
91.0,2011-08-12,1586241.0699999998,80.46,Friday
90.0,2011-08-12,2085525.0300000003,80.46,Friday
8.0,2011-08-19,1308058.98,79.15666666666667,Friday
91.0,2011-08-19,1502584.6999999997,79.15666666666667,Friday
38.0,2011-08-19,2690802.5700000003,79.15666666666667,Friday
2.0,2011-08-19,2099590.33,79.15666666666667,Friday
90.0,2011-08-19,2072240.84,79.15666666666667,Friday
92.0,2011-08-19,3271764.8499999996,79.15666666666667,Friday
95.0,2011-08-19,3273055.880000001,79.15666666666667,Friday
91.0,2011-08-26,1453320.77,80.162,Friday
90.0,2011-08-26,2121358.26,80.162,Friday
40.0,2011-08-26,1969790.3399999999,80.162,Friday
95.0,2011-08-26,3485900.29,80.162,Friday
38.0,2011-09-02,2772833.91,79.29622222222223,Friday
91.0,2011-09-02,1438199.7299999997,79.29622222222223,Friday
72.0,2011-09-02,1858389.1199999999,78.33380952380953,Friday
13.0,2011-09-02,1440919.99,79.29622222222223,Friday
38.0,2011-09-09,2602305.45,73.44755555555554,Friday
90.0,2011-09-09,2228404.22,73.44755555555554,Friday
72.0,2011-09-09,1851735.8,72.26951219512196,Friday
40.0,2011-09-09,1979136.9500000002,73.44755555555554,Friday
95.0,2011-09-09,3343593.51,73.44755555555554,Friday
8.0,2011-09-09,1341687.76,73.44755555555554,Friday
92.0,2011-09-16,3398824.24,71.04422222222223,Friday
38.0,2011-09-16,2818436.6400000006,71.04422222222223,Friday
91.0,2011-09-16,1539665.76,71.04422222222223,Friday
72.0,2011-09-16,1779105.1600000001,70.79386363636364,Friday
8.0,2011-09-16,1314721.43,71.04422222222223,Friday
2.0,2011-09-16,1903111.4199999997,71.04422222222223,Friday
72.0,2011-09-23,1690879.0499999998,67.62904761904763,Friday
2.0,2011-09-23,1876513.18,68.67133333333335,Friday
91.0,2011-09-30,1373311.89,72.78822222222223,Friday
72.0,2011-09-30,1692134.93,71.96619047619048,Friday
40.0,2011-09-30,1938117.9699999997,72.78822222222223,Friday
95.0,2011-09-30,2982521.58,72.78822222222223,Friday
38.0,2011-10-07,2847994.9099999997,63.03644444444444,Friday
40.0,2011-04-01,2022973.3200000003,48.73644444444445,Friday
72.0,2011-06-03,1573067.7999999998,72.71619047619046,Friday
13.0,2011-09-09,1492465.09,73.44755555555554,Friday
8.0,2011-09-30,1322682.44,72.78822222222223,Friday
95.0,2011-03-11,3021999.9800000004,47.099555555555554,Friday
40.0,2011-09-16,1952183.6799999997,71.04422222222223,Friday
13.0,2011-09-16,1404332.7600000002,71.04422222222223,Friday
8.0,2011-09-02,1299283.3800000001,79.29622222222223,Friday
2.0,2011-09-09,2037339.9200000002,73.44755555555554,Friday
8.0,2011-10-07,1398563.36,63.03644444444444,Friday
40.0,2011-10-07,2062571.6999999997,63.03644444444444,Friday
95.0,2011-10-07,3288689.3600000003,63.03644444444444,Friday
2.0,2011-10-07,1988546.4400000002,63.03644444444444,Friday
90.0,2011-10-14,2145160.86,63.01955555555555,Friday
38.0,2011-10-14,2770818.99,63.01955555555555,Friday
91.0,2011-10-14,1574910.99,63.01955555555555,Friday
92.0,2011-10-21,3426960.31,60.89555555555556,Friday
38.0,2011-10-21,2701152.0300000003,60.89555555555556,Friday
8.0,2011-10-21,1351021.28,60.89555555555556,Friday
90.0,2011-10-21,2098165.9699999997,60.89555555555556,Friday
2.0,2011-10-21,1885925.96,60.89555555555556,Friday
95.0,2011-10-21,3029088.4299999997,60.89555555555556,Friday
72.0,2011-10-28,2207226.88,55.24452380952382,Friday
91.0,2011-10-28,1408282.35,56.468888888888884,Friday
90.0,2011-10-28,2080516.78,56.468888888888884,Friday
8.0,2011-10-28,1345712.4500000002,56.468888888888884,Friday
2.0,2011-10-28,1840577.85,56.468888888888884,Friday
90.0,2011-11-04,2188725.73,49.2,Friday
92.0,2011-11-04,3765538.27,49.2,Friday
95.0,2011-11-04,2976050.71,49.2,Friday
8.0,2011-11-04,1423316.54,49.2,Friday
90.0,2011-11-11,2248396.62,49.11244444444444,Friday
92.0,2011-11-11,3985154.49,49.11244444444444,Friday
8.0,2011-11-11,1409019.16,49.11244444444444,Friday
38.0,2011-11-11,2819469.4399999995,49.11244444444444,Friday
40.0,2011-11-11,2029407.9899999998,49.11244444444444,Friday
91.0,2011-11-11,1604523.79,49.11244444444444,Friday
13.0,2011-11-11,1389636.4,49.11244444444444,Friday
92.0,2011-11-18,3948286.22,52.19155555555555,Friday
40.0,2011-11-18,1969011.59,52.19155555555555,Friday
38.0,2011-11-18,2795641.06,52.19155555555555,Friday
90.0,2011-11-18,2209558.71,52.19155555555555,Friday
72.0,2011-11-18,2137522.15,51.42904761904763,Friday
8.0,2011-11-18,1340054.0899999999,52.19155555555555,Friday
2.0,2011-11-18,1874553.6800000002,52.19155555555555,Friday
13.0,2011-11-18,1323866.66,52.19155555555555,Friday
38.0,2011-11-25,2254251.97,49.62755555555555,Friday
91.0,2011-11-25,1403363.79,49.62755555555555,Friday
72.0,2011-11-25,10089704.42,48.9413953488372,Friday
40.0,2011-12-02,2046465.2800000003,45.922,Friday
72.0,2011-12-02,2404798.99,45.47976744186046,Friday
91.0,2011-12-02,1373897.12,45.922,Friday
13.0,2011-12-02,1311529.3700000003,45.922,Friday
8.0,2011-12-02,1388861.89,45.922,Friday
92.0,2011-12-09,4092922.71,38.209111111111106,Friday
38.0,2011-12-09,2911782.05,38.209111111111106,Friday
95.0,2011-12-09,3030198.7300000004,38.209111111111106,Friday
8.0,2011-12-09,1453529.66,38.209111111111106,Friday
2.0,2011-12-09,2048680.7699999998,38.209111111111106,Friday
38.0,2011-12-16,2838249.6,41.06555555555555,Friday
95.0,2011-12-16,3062988.39,41.06555555555555,Friday
8.0,2011-12-16,1484397.44,41.06555555555555,Friday
91.0,2011-12-16,1516212.42,41.06555555555555,Friday
13.0,2011-12-16,1258636.42,41.06555555555555,Friday
2.0,2011-12-16,2282396.8999999994,41.06555555555555,Friday
8.0,2011-10-14,1327039.74,63.01955555555555,Friday
40.0,2011-11-25,1819597.8199999998,49.62755555555555,Friday
13.0,2011-11-04,1400536.62,49.2,Friday
91.0,2011-11-18,1503572.4400000004,52.19155555555555,Friday
90.0,2011-12-02,2066288.8099999998,45.922,Friday
95.0,2011-10-28,2925289.83,56.468888888888884,Friday
95.0,2011-11-18,2895168.72,52.19155555555555,Friday
90.0,2011-11-25,2452338.23,49.62755555555555,Friday
40.0,2012-02-10,2209307.63,39.848,Friday
95.0,2012-04-13,3091855.68,58.30066666666666,Friday
8.0,2012-04-13,1307035.8400000003,58.30066666666666,Friday
72.0,2012-05-25,1511355.23,71.06697674418605,Friday
92.0,2012-05-25,3312643.7600000007,71.79555555555555,Friday
91.0,2012-06-01,1436806.9600000002,72.94377777777778,Friday
2.0,2012-06-22,2018846.25,77.76911111111112,Friday
95.0,2012-06-22,3391574.55,77.76911111111112,Friday
95.0,2012-07-20,3323364.74,78.77644444444444,Friday
40.0,2012-07-27,1947620.49,79.84422222222221,Friday
95.0,2012-08-17,3355095.74,79.43222222222222,Friday
91.0,2012-08-17,1556128.01,79.43222222222222,Friday
95.0,2012-08-31,3299120.93,77.79355555555557,Friday
40.0,2012-08-31,2060466.96,77.79355555555557,Friday
95.0,2012-09-14,3164634.8,70.23822222222222,Friday
90.0,2012-10-05,2224497.6300000004,65.97311111111111,Friday
40.0,2012-10-19,2007722.0999999996,60.70533333333333,Friday
8.0,2012-10-19,1395014.79,60.70533333333333,Friday
91.0,2010-02-05,1755822.24,34.037333333333336,Friday
8.0,2010-02-12,1375373.2899999998,34.15133333333333,Friday
92.0,2010-02-12,3443837.3,34.15133333333333,Friday
92.0,2010-02-19,3312991.71,37.71977777777777,Friday
90.0,2010-03-05,2005670.83,42.91733333333334,Friday
8.0,2010-04-02,1438268.8599999999,53.12088888888888,Friday
13.0,2010-05-14,1301984.42,60.60955555555555,Friday
2.0,2010-05-21,1954877.5899999999,66.26266666666668,Friday
95.0,2010-06-25,3438618.24,78.7882222222222,Friday
72.0,2010-07-16,1750923.79,79.57166666666667,Friday
8.0,2010-07-23,1316028.41,81.13111111111111,Friday
91.0,2010-07-23,1437634.23,81.13111111111111,Friday
90.0,2010-07-23,1850685.87,81.13111111111111,Friday
92.0,2010-07-23,2918442.6199999996,81.13111111111111,Friday
13.0,2010-07-23,1419875.0,81.13111111111111,Friday
72.0,2010-07-23,1706627.77,80.54333333333334,Friday
38.0,2010-07-23,2554808.8000000003,81.13111111111111,Friday
2.0,2010-07-30,2038851.61,79.1522222222222,Friday
90.0,2010-09-17,1920166.51,71.23377777777776,Friday
13.0,2010-09-17,1420920.01,71.23377777777776,Friday
95.0,2010-09-24,2944247.3,71.07955555555556,Friday
2.0,2010-09-24,1875950.5100000002,71.07955555555556,Friday
8.0,2010-10-01,1337173.53,69.868,Friday
91.0,2010-10-08,1596206.03,61.733999999999995,Friday
13.0,2010-10-08,1484751.0599999998,61.733999999999995,Friday
2.0,2010-10-15,1833936.1400000001,60.890888888888895,Friday
92.0,2010-10-22,3118517.0899999994,59.13088888888888,Friday
72.0,2010-11-19,1796398.9900000002,47.354761904761894,Friday
40.0,2010-11-26,1817977.0199999998,47.88955555555556,Friday
2.0,2010-12-17,2120921.8800000004,40.35177777777778,Friday
72.0,2011-01-07,1868602.79,34.36857142857143,Friday
2.0,2011-01-14,1701879.0999999999,30.68955555555556,Friday
38.0,2011-01-21,2780393.82,37.522222222222226,Friday
91.0,2011-01-28,1428835.37,34.06444444444445,Friday
40.0,2011-01-28,1995856.12,34.06444444444445,Friday
40.0,2011-02-11,2151852.0000000005,32.15911111111111,Friday
38.0,2011-02-11,2854532.3,32.15911111111111,Friday
91.0,2011-03-04,1620397.15,44.775333333333336,Friday
38.0,2010-08-20,2585634.79,79.46355555555557,Friday
92.0,2011-03-18,3248935.33,52.97644444444443,Friday
8.0,2011-03-25,1294576.5000000002,51.60866666666665,Friday
40.0,2011-03-25,2019366.7,51.60866666666665,Friday
38.0,2011-03-25,2677555.15,51.60866666666665,Friday
92.0,2011-04-22,3284953.8599999994,59.20533333333333,Friday
40.0,2011-04-22,1970814.68,59.20533333333333,Friday
38.0,2011-04-22,2651489.92,59.20533333333333,Friday
13.0,2011-05-06,1384971.54,58.175111111111114,Friday
91.0,2011-05-06,1608618.8199999998,58.175111111111114,Friday
38.0,2011-05-13,2705229.53,65.01066666666665,Friday
92.0,2011-05-27,2982491.9200000004,69.53222222222222,Friday
72.0,2011-06-17,1902397.5899999999,73.9495238095238,Friday
8.0,2011-06-17,1350708.7600000002,74.87511111111111,Friday
38.0,2011-06-24,2648983.51,76.2442222222222,Friday
2.0,2011-07-15,2012252.31,79.96711111111112,Friday
95.0,2011-07-15,3395102.2299999995,79.96711111111112,Friday
40.0,2011-07-29,1847980.69,81.208,Friday
40.0,2011-08-05,1967323.1,81.36666666666666,Friday
2.0,2011-08-12,2024573.83,80.46,Friday
40.0,2011-08-19,1918812.75,79.15666666666667,Friday
13.0,2011-08-19,1465269.31,79.15666666666667,Friday
38.0,2011-08-26,2652287.37,80.162,Friday
95.0,2011-09-02,3309862.9399999995,79.29622222222223,Friday
90.0,2011-09-23,2028506.7600000002,68.67133333333335,Friday
95.0,2011-09-23,3005697.2800000003,68.67133333333335,Friday
90.0,2011-09-30,2008523.9999999998,72.78822222222223,Friday
13.0,2011-09-30,1373368.14,72.78822222222223,Friday
13.0,2011-06-03,1381967.21,73.37422222222222,Friday
92.0,2011-09-02,3254316.7600000002,79.29622222222223,Friday
92.0,2011-10-14,3554574.409999999,63.01955555555555,Friday
91.0,2011-10-21,1488245.4700000002,60.89555555555556,Friday
40.0,2011-11-04,1991180.3099999996,49.2,Friday
92.0,2011-12-02,3413393.1300000004,45.922,Friday
38.0,2011-12-02,3091315.71,45.922,Friday
72.0,2011-12-09,2558351.9400000004,37.69930232558139,Friday
91.0,2011-12-09,1635006.62,38.209111111111106,Friday
92.0,2011-12-16,4093797.8199999994,41.06555555555555,Friday
2.0,2011-11-25,1917861.3,49.62755555555555,Friday
40.0,2012-05-18,1971776.4899999998,67.63822222222223,Friday
95.0,2012-06-01,3328657.29,72.94377777777778,Friday
72.0,2010-04-30,1715969.1900000002,56.89309523809524,Friday
8.0,2010-07-09,1292252.4600000002,78.91244444444443,Friday
72.0,2010-02-19,3034799.98,36.46071428571429,Friday
92.0,2010-06-04,3158465.36,73.41088888888889,Friday
90.0,2010-06-04,1910085.02,73.41088888888889,Friday
91.0,2010-06-25,1393128.8800000001,78.7882222222222,Friday
2.0,2010-07-23,2038898.93,81.13111111111111,Friday
40.0,2010-08-13,1919428.0700000003,79.48244444444444,Friday
38.0,2010-09-10,2561186.7800000003,72.44977777777778,Friday
95.0,2010-12-24,3254244.64,41.17733333333334,Friday
91.0,2011-02-04,1740506.44,30.48088888888889,Friday
13.0,2011-07-29,1336601.2,81.208,Friday
90.0,2011-03-11,2033884.9899999998,47.099555555555554,Friday
40.0,2011-03-11,2077243.94,47.099555555555554,Friday
72.0,2011-04-08,1834547.8599999999,54.421428571428564,Friday
95.0,2011-04-08,3130019.9000000004,55.62733333333333,Friday
92.0,2011-06-24,2960337.45,76.2442222222222,Friday
91.0,2011-07-29,1369965.77,81.208,Friday
72.0,2011-08-05,1856680.4500000002,80.50219512195122,Friday
8.0,2011-09-23,1318152.72,68.67133333333335,Friday
2.0,2011-10-14,1859700.2000000002,63.01955555555555,Friday
40.0,2011-10-28,1936450.67,56.468888888888884,Friday
38.0,2011-11-04,2902575.8,49.2,Friday
40.0,2011-12-16,2075148.65,41.06555555555555,Friday
91.0,2012-07-20,1515123.88,78.77644444444444,Friday
40.0,2010-07-30,1920671.8199999998,79.1522222222222,Friday
13.0,2010-08-13,1411341.56,79.48244444444444,Friday
92.0,2010-08-13,3211755.9199999995,79.48244444444444,Friday
95.0,2011-01-14,2848487.0700000003,30.68955555555556,Friday
13.0,2010-11-12,1387912.62,50.39977777777777,Friday
40.0,2010-12-03,2041276.9499999997,41.590888888888884,Friday
72.0,2011-05-27,1568919.2,68.73166666666665,Friday
2.0,2011-06-10,1962504.6100000003,74.80177777777779,Friday
38.0,2011-08-12,2674134.84,80.46,Friday
72.0,2011-08-12,1788250.95,79.79642857142856,Friday
91.0,2011-09-09,1615742.5799999998,73.44755555555554,Friday
2.0,2012-10-19,1879765.4000000001,60.70533333333333,Friday
40.0,2010-10-15,1939607.2900000003,60.890888888888895,Friday
90.0,2010-12-03,1889344.21,41.590888888888884,Friday
90.0,2010-12-17,2120773.37,40.35177777777778,Friday
2.0,2011-09-30,1875052.27,72.78822222222223,Friday
90.0,2011-06-03,1975953.3299999998,73.37422222222222,Friday
92.0,2011-09-09,3655352.59,73.44755555555554,Friday
92.0,2011-09-23,3216237.52,68.67133333333335,Friday
90.0,2010-04-16,1878963.5199999998,58.021111111111104,Friday
92.0,2010-12-17,3724108.8899999997,40.35177777777778,Friday
38.0,2010-10-15,2597032.15,60.890888888888895,Friday
72.0,2011-06-24,1844308.97,75.29142857142855,Friday
2.0,2011-04-15,1883416.8400000003,56.953333333333326,Friday
38.0,2011-09-23,2694770.81,68.67133333333335,Friday
91.0,2011-10-07,1713779.3599999999,63.03644444444444,Friday
13.0,2011-10-07,1493280.06,63.03644444444444,Friday
92.0,2011-10-28,3355012.38,56.468888888888884,Friday
72.0,2010-05-21,1590749.2200000002,65.62046511627908,Friday
91.0,2010-11-19,1457231.51,48.14244444444444,Friday
92.0,2011-09-30,3165079.24,72.78822222222223,Friday
91.0,2011-03-25,1434119.03,51.60866666666665,Friday
90.0,2010-08-13,1924852.69,79.48244444444444,Friday
95.0,2011-03-25,2877009.63,51.60866666666665,Friday
91.0,2012-04-06,1727740.56,57.00222222222223,Friday
92.0,2012-06-08,3762798.3400000003,71.99133333333333,Friday
13.0,2012-06-15,1346871.89,75.04644444444443,Friday
92.0,2012-07-13,3483021.3899999997,78.93866666666668,Friday
91.0,2012-07-27,1400701.69,79.84422222222221,Friday
72.0,2012-08-24,1839276.9099999997,73.88809523809523,Friday
92.0,2012-08-31,3347357.3,77.79355555555557,Friday
91.0,2012-09-07,1665468.0999999999,78.03866666666666,Friday
90.0,2012-10-12,2190112.4,58.342666666666666,Friday
8.0,2012-10-12,1412633.2099999997,58.342666666666666,Friday
91.0,2012-10-26,1413435.29,61.051111111111105,Friday
72.0,2012-10-26,1781640.54,60.20738095238095,Friday
90.0,2010-02-12,2031157.15,34.15133333333333,Friday
90.0,2010-02-19,1976215.6400000001,37.71977777777777,Friday
8.0,2010-02-26,1367537.1700000002,39.24355555555556,Friday
13.0,2010-03-19,1348626.8,49.95422222222222,Friday
38.0,2010-03-26,2704991.22,48.473555555555556,Friday
92.0,2010-04-30,2889255.67,57.85466666666667,Friday
38.0,2010-05-21,2648574.6799999997,66.26266666666668,Friday
38.0,2010-05-28,2690655.9299999997,70.46022222222223,Friday
91.0,2010-06-04,1504883.9700000002,73.41088888888889,Friday
95.0,2010-06-11,3560241.2399999998,74.53777777777778,Friday
13.0,2010-06-11,1419848.15,74.53777777777778,Friday
8.0,2010-06-18,1340481.57,73.56933333333335,Friday
8.0,2010-07-02,1398568.52,77.13333333333334,Friday
38.0,2010-07-02,2764357.0,77.13333333333334,Friday
90.0,2010-07-09,1919239.65,78.91244444444443,Friday
90.0,2010-07-16,1903548.79,80.40844444444444,Friday
38.0,2010-07-30,2599254.2200000007,79.1522222222222,Friday
90.0,2010-07-30,1802612.98,79.1522222222222,Friday
90.0,2010-08-20,1893495.1,79.46355555555557,Friday
8.0,2010-08-27,1274970.1900000002,76.73733333333334,Friday
90.0,2010-08-27,1855977.1600000001,76.73733333333334,Friday
40.0,2010-08-27,1939868.03,76.73733333333334,Friday
95.0,2010-08-27,3143805.76,76.73733333333334,Friday
2.0,2010-09-03,2117039.29,76.44222222222223,Friday
92.0,2010-10-01,3018358.97,69.868,Friday
72.0,2010-10-01,1663165.56,68.85571428571428,Friday
72.0,2010-10-15,1626128.3,59.82261904761905,Friday
91.0,2010-10-22,1406421.33,59.13088888888888,Friday
2.0,2010-10-22,1847370.3900000001,59.13088888888888,Friday
95.0,2010-10-22,2876242.46,59.13088888888888,Friday
38.0,2010-10-22,2643442.15,59.13088888888888,Friday
38.0,2010-10-29,2634471.9200000004,59.18577777777778,Friday
92.0,2010-11-05,3530982.34,52.68288888888889,Friday
38.0,2010-11-05,2825472.7899999996,52.68288888888889,Friday
38.0,2010-11-12,2658547.5900000003,50.39977777777777,Friday
91.0,2010-11-12,1535908.18,50.39977777777777,Friday
90.0,2010-11-19,2001762.0,48.14244444444444,Friday
92.0,2010-12-03,3216974.9699999997,41.590888888888884,Friday
2.0,2010-12-10,1968591.53,39.16511111111111,Friday
91.0,2010-12-10,1566066.31,39.16511111111111,Friday
72.0,2010-12-31,2119786.56,36.03325581395349,Friday
40.0,2010-12-31,1949041.5499999998,36.782666666666664,Friday
40.0,2011-01-14,2001491.61,30.68955555555556,Friday
8.0,2011-01-21,1309732.22,37.522222222222226,Friday
72.0,2011-02-11,2889704.0,31.456976744186044,Friday
13.0,2011-02-11,1313155.8800000001,32.15911111111111,Friday
95.0,2011-02-25,2834161.94,43.15533333333333,Friday
95.0,2010-10-15,2971556.86,60.890888888888895,Friday
13.0,2011-03-04,1492685.96,44.775333333333336,Friday
72.0,2011-03-11,2206184.0,45.94285714285714,Friday
92.0,2011-03-11,3400733.05,47.099555555555554,Friday
91.0,2011-03-18,1543271.63,52.97644444444443,Friday
90.0,2011-03-18,1993984.41,52.97644444444443,Friday
2.0,2011-03-25,1870694.5100000002,51.60866666666665,Friday
38.0,2011-04-01,2908079.6,48.73644444444445,Friday
2.0,2011-04-01,1875748.52,48.73644444444445,Friday
13.0,2011-04-01,1331022.9000000001,48.73644444444445,Friday
95.0,2011-04-29,2783020.41,62.13977777777779,Friday
91.0,2011-04-29,1276869.49,62.13977777777779,Friday
2.0,2011-05-06,1940981.4999999998,58.175111111111114,Friday
95.0,2011-05-06,3181896.5100000002,58.175111111111114,Friday
90.0,2011-05-06,2052247.52,58.175111111111114,Friday
13.0,2011-05-13,1255405.39,65.01066666666665,Friday
40.0,2011-05-13,1934214.4100000001,65.01066666666665,Friday
92.0,2011-05-13,3101748.9600000004,65.01066666666665,Friday
40.0,2011-05-20,1960085.77,62.41555555555555,Friday
95.0,2011-05-20,3098342.94,62.41555555555555,Friday
95.0,2011-05-27,3214381.31,69.53222222222222,Friday
38.0,2011-06-10,2766931.52,74.80177777777779,Friday
91.0,2011-06-17,1558787.74,74.87511111111111,Friday
91.0,2011-06-24,1398242.7799999998,76.2442222222222,Friday
8.0,2011-06-24,1333790.23,76.2442222222222,Friday
40.0,2011-07-01,1968493.8900000001,78.75911111111111,Friday
72.0,2011-07-01,1651031.26,77.73904761904761,Friday
38.0,2011-07-08,2553154.47,79.95422222222221,Friday
8.0,2011-07-08,1323570.02,79.95422222222221,Friday
92.0,2011-08-12,3355461.17,80.46,Friday
13.0,2011-08-12,1375193.0499999998,80.46,Friday
72.0,2011-08-19,1919840.8499999999,78.57953488372094,Friday
8.0,2011-08-26,1337300.15,80.162,Friday
13.0,2011-08-26,1489255.54,80.162,Friday
72.0,2011-08-26,1886285.23,79.28619047619047,Friday
40.0,2011-09-02,1909128.5999999996,79.29622222222223,Friday
90.0,2011-09-16,2119764.5100000002,71.04422222222223,Friday
40.0,2011-09-23,1954775.3099999998,68.67133333333335,Friday
38.0,2011-09-30,2774948.01,72.78822222222223,Friday
90.0,2011-10-07,2303144.07,63.03644444444444,Friday
2.0,2011-06-24,1932495.5900000003,76.2442222222222,Friday
95.0,2011-06-24,3282218.7,76.2442222222222,Friday
8.0,2011-07-15,1308394.5299999998,79.96711111111112,Friday
2.0,2011-09-02,1997245.33,79.29622222222223,Friday
40.0,2011-10-14,1929663.1400000001,63.01955555555555,Friday
13.0,2011-10-14,1386577.53,63.01955555555555,Friday
40.0,2011-10-21,1957107.1900000002,60.89555555555556,Friday
72.0,2011-11-04,2484128.73,47.96547619047619,Friday
95.0,2011-11-11,2995654.5700000003,49.11244444444444,Friday
72.0,2011-11-11,2392173.8299999996,48.55372093023256,Friday
90.0,2011-12-09,2304980.05,38.209111111111106,Friday
13.0,2011-11-25,1313116.1199999999,49.62755555555555,Friday
91.0,2010-04-16,1537326.3299999998,58.021111111111104,Friday
8.0,2010-05-14,1308281.31,60.60955555555555,Friday
2.0,2010-10-01,1887216.7799999998,69.868,Friday
13.0,2010-10-22,1370277.23,59.13088888888888,Friday
72.0,2010-10-29,1608970.53,58.26285714285714,Friday
13.0,2010-11-26,1314453.33,47.88955555555556,Friday
13.0,2010-12-17,1251816.8,40.35177777777778,Friday
38.0,2010-12-17,2695137.5300000003,40.35177777777778,Friday
95.0,2011-01-07,2777088.58,35.272666666666666,Friday
95.0,2011-02-04,3111786.4,30.48088888888889,Friday
91.0,2011-04-15,1555390.52,56.953333333333326,Friday
8.0,2011-04-22,1343899.1199999999,59.20533333333333,Friday
72.0,2011-05-13,1647012.54,64.20166666666667,Friday
8.0,2011-07-29,1288557.2799999998,81.208,Friday
38.0,2011-08-05,2824319.9200000004,81.36666666666666,Friday
95.0,2011-08-12,3391257.7,80.46,Friday
92.0,2011-08-26,3387528.29,80.162,Friday
72.0,2011-10-07,1794747.1700000002,62.12547619047619,Friday
8.0,2011-06-03,1371599.9,73.37422222222222,Friday
13.0,2011-10-28,1342441.5699999998,56.468888888888884,Friday
95.0,2011-12-02,2722229.4200000004,45.922,Friday
8.0,2012-05-18,1341225.03,67.63822222222223,Friday
40.0,2010-04-30,2021580.5299999998,57.85466666666667,Friday
90.0,2010-06-25,1801849.86,78.7882222222222,Friday
40.0,2010-07-23,1936754.62,81.13111111111111,Friday
92.0,2010-11-12,3615576.3200000003,50.39977777777777,Friday
95.0,2011-03-04,3087136.6100000003,44.775333333333336,Friday
38.0,2011-05-27,2656503.9899999998,69.53222222222222,Friday
40.0,2010-12-17,2039199.27,40.35177777777778,Friday
92.0,2011-06-10,3308362.0599999996,74.80177777777779,Friday
13.0,2011-12-09,1293437.94,38.209111111111106,Friday
8.0,2010-11-12,1375659.11,50.39977777777777,Friday
72.0,2010-11-12,2450110.7,49.51357142857143,Friday
92.0,2010-08-20,3075562.0199999996,79.46355555555557,Friday
8.0,2011-11-25,1311549.16,49.62755555555555,Friday
40.0,2012-03-09,2218429.2600000002,47.550888888888885,Friday
38.0,2012-08-17,2569776.55,79.43222222222222,Friday
13.0,2010-08-20,1491829.0699999998,79.46355555555557,Friday
92.0,2010-09-24,2942047.85,71.07955555555556,Friday
90.0,2010-10-01,1850493.7400000002,69.868,Friday
40.0,2010-10-08,2031890.8299999998,61.733999999999995,Friday
90.0,2010-10-15,1916622.0,60.890888888888895,Friday
92.0,2010-10-15,3228948.6399999997,60.890888888888895,Friday
38.0,2010-11-19,2644417.83,48.14244444444444,Friday
95.0,2010-12-10,2888661.2800000003,39.16511111111111,Friday
13.0,2011-01-14,1284522.1300000001,30.68955555555556,Friday
90.0,2011-04-08,2087421.2999999998,55.62733333333333,Friday
72.0,2011-06-10,1543060.04,74.09714285714287,Friday
38.0,2011-06-17,2671492.83,74.87511111111111,Friday
13.0,2011-07-01,1382483.5,78.75911111111111,Friday
40.0,2011-07-08,1902643.06,79.95422222222221,Friday
13.0,2011-07-08,1370737.9900000002,79.95422222222221,Friday
72.0,2011-07-22,1670085.15,81.6397619047619,Friday
90.0,2011-09-02,2075743.0599999998,79.29622222222223,Friday
95.0,2011-09-16,3151942.42,71.04422222222223,Friday
95.0,2011-10-14,3081140.7799999993,63.01955555555555,Friday
13.0,2011-10-21,1389748.0499999998,60.89555555555556,Friday
38.0,2011-10-28,2649584.67,56.468888888888884,Friday
91.0,2011-11-04,1532786.9699999997,49.2,Friday
2.0,2011-11-11,1925270.97,49.11244444444444,Friday
40.0,2011-12-09,2034759.6600000001,38.209111111111106,Friday
90.0,2011-12-16,2307007.77,41.06555555555555,Friday
72.0,2012-10-05,2113424.75,65.17976744186045,Friday
90.0,2010-02-05,2199107.5199999996,34.037333333333336,Friday
90.0,2011-01-21,2014075.37,37.522222222222226,Friday
8.0,2011-02-04,1434306.47,30.48088888888889,Friday
2.0,2011-08-05,2117353.71,81.36666666666666,Friday
8.0,2011-08-05,1373645.1800000002,81.36666666666666,Friday
91.0,2011-08-05,1614586.97,81.36666666666666,Friday
91.0,2011-09-23,1432803.75,68.67133333333335,Friday
72.0,2011-10-21,2414443.23,60.33720930232558,Friday
92.0,2011-11-25,4330784.59,49.62755555555555,Friday
95.0,2010-05-21,3247042.8199999994,66.26266666666668,Friday
95.0,2010-07-23,3263317.5300000003,81.13111111111111,Friday
8.0,2010-09-17,1306111.99,71.23377777777776,Friday
8.0,2010-12-17,1501914.52,40.35177777777778,Friday
90.0,2010-10-29,1846486.1600000001,59.18577777777778,Friday
95.0,2010-12-03,2628464.57,41.590888888888884,Friday
8.0,2012-07-27,1332595.1500000001,79.84422222222221,Friday
95.0,2011-11-25,2902107.2800000003,49.62755555555555,Friday
91.0,2012-09-14,1539336.8199999998,70.23822222222222,Friday
40.0,2010-07-09,1927726.5299999998,78.91244444444443,Friday
40.0,2010-04-16,2046378.5199999998,58.021111111111104,Friday
90.0,2011-02-25,1956634.4300000002,43.15533333333333,Friday
13.0,2011-05-27,1315046.46,69.53222222222222,Friday
8.0,2011-07-01,1387758.1500000001,78.75911111111111,Friday
91.0,2011-07-22,1468980.2,82.17644444444444,Friday
72.0,2011-10-14,1762726.3599999999,62.26095238095238,Friday
38.0,2010-03-05,2968993.16,42.91733333333334,Friday
92.0,2010-04-02,3290226.59,53.12088888888888,Friday
92.0,2010-07-16,3096905.9799999995,80.40844444444444,Friday
40.0,2010-09-10,1996056.71,72.44977777777778,Friday
92.0,2010-10-29,3034276.2600000002,59.18577777777778,Friday
92.0,2011-03-25,3032727.12,51.60866666666665,Friday
2.0,2011-12-02,1932328.4000000001,45.922,Friday
8.0,2010-08-13,1286355.09,79.48244444444444,Friday
72.0,2010-09-17,1829275.1699999997,70.20166666666665,Friday
13.0,2011-09-23,1378641.95,68.67133333333335,Friday
72.0,2010-07-02,1796072.6099999999,76.15714285714286,Friday
13.0,2010-09-10,1519848.8699999999,72.44977777777778,Friday
40.0,2011-03-18,2061069.1599999997,52.97644444444443,Friday
92.0,2011-07-15,3244024.3299999996,79.96711111111112,Friday
2.0,2011-11-04,1901037.62,49.2,Friday
38.0,2011-03-18,2639910.41,52.97644444444443,Friday
92.0,2011-10-07,3881033.6100000003,63.03644444444444,Friday
2.0,2010-04-02,1957167.6600000001,53.12088888888888,Friday
92.0,2011-06-03,3142744.0199999996,73.37422222222222,Friday
2.0,2011-08-26,2126825.51,80.162,Friday
40.0,2010-12-24,2216587.6799999997,41.17733333333334,Friday
90.0,2011-02-04,2205891.01,30.48088888888889,Friday
8.0,2011-01-28,1277978.57,34.06444444444445,Friday
91.0,2011-04-01,1462436.47,48.73644444444445,Friday
